Bairro;Data;Acidentes de Trânsito
Militar;01.01.2013;0
Canto do Forte;01.01.2013;16
Boqueirão;01.01.2013;38
Guilhermina;01.01.2013;23
Aviação;01.01.2013;7
Tupi;01.01.2013;10
Ocian;01.01.2013;3
Mirim;01.01.2013;7
Maracanã;01.01.2013;0
Caiçara;01.01.2013;0
Real ;01.01.2013;0
Flórida;01.01.2013;0
Solemar;01.01.2013;0
Cidade da Criança;01.01.2013;0
Princesa;01.01.2013;0
Imperador;01.01.2013;0
Melvi;01.01.2013;0
Samambaia;01.01.2013;1
Esmeralda;01.01.2013;0
Ribeirópolis;01.01.2013;0
Andaraguá;01.01.2013;0
Nova Mirim;01.01.2013;2
Anhanguera;01.01.2013;2
Quietude;01.01.2013;4
Santa Marina;01.01.2013;0
Tupiry;01.01.2013;1
Antártica;01.01.2013;7
Vila Sônia;01.01.2013;2
Glória;01.01.2013;2
Sítio do Campo;01.01.2013;13
Xixová;01.01.2013;11
Serra do Mar;01.01.2013;0
Não Informado;01.01.2013;0
Militar;01.01.2014;0
Canto do Forte;01.01.2014;14
Boqueirão;01.01.2014;38
Guilhermina;01.01.2014;24
Aviação;01.01.2014;20
Tupi;01.01.2014;8
Ocian;01.01.2014;8
Mirim;01.01.2014;7
Maracanã;01.01.2014;0
Caiçara;01.01.2014;0
Real ;01.01.2014;0
Flórida;01.01.2014;0
Solemar;01.01.2014;0
Cidade da Criança;01.01.2014;0
Princesa;01.01.2014;0
Imperador;01.01.2014;0
Melvi;01.01.2014;0
Samambaia;01.01.2014;1
Esmeralda;01.01.2014;0
Ribeirópolis;01.01.2014;0
Andaraguá;01.01.2014;0
Nova Mirim;01.01.2014;5
Anhanguera;01.01.2014;6
Quietude;01.01.2014;3
Santa Marina;01.01.2014;0
Tupiry;01.01.2014;4
Antártica;01.01.2014;7
Vila Sônia;01.01.2014;2
Glória;01.01.2014;3
Sítio do Campo;01.01.2014;7
Xixová;01.01.2014;15
Serra do Mar;01.01.2014;0
Não Informado;01.01.2014;0
Militar;01.01.2015;0
Canto do Forte;01.01.2015;7
Boqueirão;01.01.2015;29
Guilhermina;01.01.2015;29
Aviação;01.01.2015;17
Tupi;01.01.2015;26
Ocian;01.01.2015;15
Mirim;01.01.2015;19
Maracanã;01.01.2015;6
Caiçara;01.01.2015;12
Real ;01.01.2015;2
Flórida;01.01.2015;0
Solemar;01.01.2015;4
Cidade da Criança;01.01.2015;1
Princesa;01.01.2015;0
Imperador;01.01.2015;0
Melvi;01.01.2015;2
Samambaia;01.01.2015;7
Esmeralda;01.01.2015;4
Ribeirópolis;01.01.2015;1
Andaraguá;01.01.2015;0
Nova Mirim;01.01.2015;5
Anhanguera;01.01.2015;5
Quietude;01.01.2015;6
Santa Marina;01.01.2015;0
Tupiry;01.01.2015;4
Antártica;01.01.2015;6
Vila Sônia;01.01.2015;6
Glória;01.01.2015;3
Sítio do Campo;01.01.2015;13
Xixová;01.01.2015;17
Serra do Mar;01.01.2015;0
Não Informado;01.01.2015;0
Militar;01.01.2016;0
Canto do Forte;01.01.2016;16
Boqueirão;01.01.2016;38
Guilhermina;01.01.2016;26
Aviação;01.01.2016;7
Tupi;01.01.2016;9
Ocian;01.01.2016;14
Mirim;01.01.2016;12
Maracanã;01.01.2016;4
Caiçara;01.01.2016;14
Real ;01.01.2016;4
Flórida;01.01.2016;1
Solemar;01.01.2016;0
Cidade da Criança;01.01.2016;0
Princesa;01.01.2016;0
Imperador;01.01.2016;1
Melvi;01.01.2016;3
Samambaia;01.01.2016;3
Esmeralda;01.01.2016;1
Ribeirópolis;01.01.2016;4
Andaraguá;01.01.2016;0
Nova Mirim;01.01.2016;9
Anhanguera;01.01.2016;5
Quietude;01.01.2016;6
Santa Marina;01.01.2016;0
Tupiry;01.01.2016;2
Antártica;01.01.2016;6
Vila Sônia;01.01.2016;5
Glória;01.01.2016;1
Sítio do Campo;01.01.2016;8
Xixová;01.01.2016;26
Serra do Mar;01.01.2016;0
Não Informado;01.01.2016;0
Militar;01.01.2017;0
Canto do Forte;01.01.2017;10
Boqueirão;01.01.2017;19
Guilhermina;01.01.2017;17
Aviação;01.01.2017;11
Tupi;01.01.2017;15
Ocian;01.01.2017;10
Mirim;01.01.2017;10
Maracanã;01.01.2017;3
Caiçara;01.01.2017;14
Real ;01.01.2017;9
Flórida;01.01.2017;0
Solemar;01.01.2017;1
Cidade da Criança;01.01.2017;1
Princesa;01.01.2017;0
Imperador;01.01.2017;0
Melvi;01.01.2017;0
Samambaia;01.01.2017;4
Esmeralda;01.01.2017;2
Ribeirópolis;01.01.2017;1
Andaraguá;01.01.2017;0
Nova Mirim;01.01.2017;4
Anhanguera;01.01.2017;1
Quietude;01.01.2017;5
Santa Marina;01.01.2017;0
Tupiry;01.01.2017;1
Antártica;01.01.2017;1
Vila Sônia;01.01.2017;2
Glória;01.01.2017;5
Sítio do Campo;01.01.2017;8
Xixová;01.01.2017;5
Serra do Mar;01.01.2017;0
Não Informado;01.01.2017;0
Militar;01.01.2018;0
Canto do Forte;01.01.2018;7
Boqueirão;01.01.2018;21
Guilhermina;01.01.2018;26
Aviação;01.01.2018;13
Tupi;01.01.2018;18
Ocian;01.01.2018;15
Mirim;01.01.2018;7
Maracanã;01.01.2018;5
Caiçara;01.01.2018;6
Real ;01.01.2018;6
Flórida;01.01.2018;2
Solemar;01.01.2018;0
Cidade da Criança;01.01.2018;0
Princesa;01.01.2018;0
Imperador;01.01.2018;0
Melvi;01.01.2018;0
Samambaia;01.01.2018;3
Esmeralda;01.01.2018;4
Ribeirópolis;01.01.2018;3
Andaraguá;01.01.2018;0
Nova Mirim;01.01.2018;6
Anhanguera;01.01.2018;3
Quietude;01.01.2018;1
Santa Marina;01.01.2018;0
Tupiry;01.01.2018;2
Antártica;01.01.2018;7
Vila Sônia;01.01.2018;3
Glória;01.01.2018;3
Sítio do Campo;01.01.2018;11
Xixová;01.01.2018;7
Serra do Mar;01.01.2018;0
Não Informado;01.01.2018;0
Militar;01.01.2019;0
Canto do Forte;01.01.2019;5
Boqueirão;01.01.2019;13
Guilhermina;01.01.2019;11
Aviação;01.01.2019;6
Tupi;01.01.2019;12
Ocian;01.01.2019;11
Mirim;01.01.2019;11
Maracanã;01.01.2019;2
Caiçara;01.01.2019;7
Real ;01.01.2019;1
Flórida;01.01.2019;1
Solemar;01.01.2019;0
Cidade da Criança;01.01.2019;1
Princesa;01.01.2019;0
Imperador;01.01.2019;0
Melvi;01.01.2019;2
Samambaia;01.01.2019;5
Esmeralda;01.01.2019;2
Ribeirópolis;01.01.2019;1
Andaraguá;01.01.2019;0
Nova Mirim;01.01.2019;7
Anhanguera;01.01.2019;2
Quietude;01.01.2019;7
Santa Marina;01.01.2019;0
Tupiry;01.01.2019;2
Antártica;01.01.2019;1
Vila Sônia;01.01.2019;0
Glória;01.01.2019;5
Sítio do Campo;01.01.2019;11
Xixová;01.01.2019;2
Serra do Mar;01.01.2019;0
Não Informado;01.01.2019;4
Militar;01.01.2020;0
Canto do Forte;01.01.2020;5
Boqueirão;01.01.2020;9
Guilhermina;01.01.2020;7
Aviação;01.01.2020;6
Tupi;01.01.2020;5
Ocian;01.01.2020;5
Mirim;01.01.2020;2
Maracanã;01.01.2020;1
Caiçara;01.01.2020;4
Real ;01.01.2020;1
Flórida;01.01.2020;1
Solemar;01.01.2020;0
Cidade da Criança;01.01.2020;0
Princesa;01.01.2020;0
Imperador;01.01.2020;0
Melvi;01.01.2020;1
Samambaia;01.01.2020;8
Esmeralda;01.01.2020;1
Ribeirópolis;01.01.2020;4
Andaraguá;01.01.2020;0
Nova Mirim;01.01.2020;2
Anhanguera;01.01.2020;0
Quietude;01.01.2020;4
Santa Marina;01.01.2020;0
Tupiry;01.01.2020;0
Antártica;01.01.2020;2
Vila Sônia;01.01.2020;1
Glória;01.01.2020;1
Sítio do Campo;01.01.2020;6
Xixová;01.01.2020;7
Serra do Mar;01.01.2020;0
Não Informado;01.01.2020;4
Militar;01.01.2021;0
Canto do Forte;01.01.2021;3
Boqueirão;01.01.2021;10
Guilhermina;01.01.2021;3
Aviação;01.01.2021;5
Tupi;01.01.2021;5
Ocian;01.01.2021;10
Mirim;01.01.2021;5
Maracanã;01.01.2021;5
Caiçara;01.01.2021;7
Real ;01.01.2021;2
Flórida;01.01.2021;0
Solemar;01.01.2021;1
Cidade da Criança;01.01.2021;0
Princesa;01.01.2021;0
Imperador;01.01.2021;0
Melvi;01.01.2021;3
Samambaia;01.01.2021;4
Esmeralda;01.01.2021;3
Ribeirópolis;01.01.2021;5
Andaraguá;01.01.2021;0
Nova Mirim;01.01.2021;0
Anhanguera;01.01.2021;2
Quietude;01.01.2021;0
Santa Marina;01.01.2021;0
Tupiry;01.01.2021;1
Antártica;01.01.2021;2
Vila Sônia;01.01.2021;4
Glória;01.01.2021;1
Sítio do Campo;01.01.2021;2
Xixová;01.01.2021;2
Serra do Mar;01.01.2021;0
Não Informado;01.01.2021;1
Militar;01.02.2013;0
Canto do Forte;01.02.2013;2
Boqueirão;01.02.2013;24
Guilhermina;01.02.2013;14
Aviação;01.02.2013;6
Tupi;01.02.2013;2
Ocian;01.02.2013;6
Mirim;01.02.2013;5
Maracanã;01.02.2013;0
Caiçara;01.02.2013;0
Real ;01.02.2013;1
Flórida;01.02.2013;0
Solemar;01.02.2013;0
Cidade da Criança;01.02.2013;0
Princesa;01.02.2013;0
Imperador;01.02.2013;0
Melvi;01.02.2013;1
Samambaia;01.02.2013;0
Esmeralda;01.02.2013;0
Ribeirópolis;01.02.2013;0
Andaraguá;01.02.2013;0
Nova Mirim;01.02.2013;0
Anhanguera;01.02.2013;3
Quietude;01.02.2013;3
Santa Marina;01.02.2013;0
Tupiry;01.02.2013;2
Antártica;01.02.2013;1
Vila Sônia;01.02.2013;1
Glória;01.02.2013;4
Sítio do Campo;01.02.2013;7
Xixová;01.02.2013;6
Serra do Mar;01.02.2013;0
Não Informado;01.02.2013;0
Militar;01.02.2014;0
Canto do Forte;01.02.2014;9
Boqueirão;01.02.2014;28
Guilhermina;01.02.2014;17
Aviação;01.02.2014;8
Tupi;01.02.2014;14
Ocian;01.02.2014;3
Mirim;01.02.2014;6
Maracanã;01.02.2014;0
Caiçara;01.02.2014;1
Real ;01.02.2014;0
Flórida;01.02.2014;0
Solemar;01.02.2014;0
Cidade da Criança;01.02.2014;0
Princesa;01.02.2014;0
Imperador;01.02.2014;0
Melvi;01.02.2014;1
Samambaia;01.02.2014;0
Esmeralda;01.02.2014;0
Ribeirópolis;01.02.2014;0
Andaraguá;01.02.2014;0
Nova Mirim;01.02.2014;5
Anhanguera;01.02.2014;1
Quietude;01.02.2014;2
Santa Marina;01.02.2014;0
Tupiry;01.02.2014;2
Antártica;01.02.2014;4
Vila Sônia;01.02.2014;7
Glória;01.02.2014;5
Sítio do Campo;01.02.2014;11
Xixová;01.02.2014;12
Serra do Mar;01.02.2014;0
Não Informado;01.02.2014;0
Militar;01.02.2015;0
Canto do Forte;01.02.2015;7
Boqueirão;01.02.2015;22
Guilhermina;01.02.2015;23
Aviação;01.02.2015;6
Tupi;01.02.2015;13
Ocian;01.02.2015;18
Mirim;01.02.2015;13
Maracanã;01.02.2015;1
Caiçara;01.02.2015;4
Real ;01.02.2015;2
Flórida;01.02.2015;0
Solemar;01.02.2015;1
Cidade da Criança;01.02.2015;1
Princesa;01.02.2015;0
Imperador;01.02.2015;0
Melvi;01.02.2015;0
Samambaia;01.02.2015;5
Esmeralda;01.02.2015;7
Ribeirópolis;01.02.2015;3
Andaraguá;01.02.2015;0
Nova Mirim;01.02.2015;3
Anhanguera;01.02.2015;3
Quietude;01.02.2015;7
Santa Marina;01.02.2015;0
Tupiry;01.02.2015;2
Antártica;01.02.2015;11
Vila Sônia;01.02.2015;6
Glória;01.02.2015;1
Sítio do Campo;01.02.2015;6
Xixová;01.02.2015;7
Serra do Mar;01.02.2015;0
Não Informado;01.02.2015;0
Militar;01.02.2016;0
Canto do Forte;01.02.2016;8
Boqueirão;01.02.2016;25
Guilhermina;01.02.2016;12
Aviação;01.02.2016;9
Tupi;01.02.2016;12
Ocian;01.02.2016;12
Mirim;01.02.2016;21
Maracanã;01.02.2016;3
Caiçara;01.02.2016;8
Real ;01.02.2016;3
Flórida;01.02.2016;1
Solemar;01.02.2016;0
Cidade da Criança;01.02.2016;2
Princesa;01.02.2016;1
Imperador;01.02.2016;1
Melvi;01.02.2016;4
Samambaia;01.02.2016;3
Esmeralda;01.02.2016;5
Ribeirópolis;01.02.2016;2
Andaraguá;01.02.2016;0
Nova Mirim;01.02.2016;6
Anhanguera;01.02.2016;3
Quietude;01.02.2016;9
Santa Marina;01.02.2016;0
Tupiry;01.02.2016;3
Antártica;01.02.2016;6
Vila Sônia;01.02.2016;4
Glória;01.02.2016;5
Sítio do Campo;01.02.2016;8
Xixová;01.02.2016;18
Serra do Mar;01.02.2016;0
Não Informado;01.02.2016;0
Militar;01.02.2017;0
Canto do Forte;01.02.2017;14
Boqueirão;01.02.2017;22
Guilhermina;01.02.2017;12
Aviação;01.02.2017;6
Tupi;01.02.2017;12
Ocian;01.02.2017;12
Mirim;01.02.2017;12
Maracanã;01.02.2017;2
Caiçara;01.02.2017;4
Real ;01.02.2017;1
Flórida;01.02.2017;2
Solemar;01.02.2017;1
Cidade da Criança;01.02.2017;0
Princesa;01.02.2017;6
Imperador;01.02.2017;0
Melvi;01.02.2017;3
Samambaia;01.02.2017;1
Esmeralda;01.02.2017;2
Ribeirópolis;01.02.2017;3
Andaraguá;01.02.2017;0
Nova Mirim;01.02.2017;4
Anhanguera;01.02.2017;0
Quietude;01.02.2017;3
Santa Marina;01.02.2017;0
Tupiry;01.02.2017;3
Antártica;01.02.2017;5
Vila Sônia;01.02.2017;3
Glória;01.02.2017;4
Sítio do Campo;01.02.2017;9
Xixová;01.02.2017;5
Serra do Mar;01.02.2017;0
Não Informado;01.02.2017;0
Militar;01.02.2018;0
Canto do Forte;01.02.2018;3
Boqueirão;01.02.2018;20
Guilhermina;01.02.2018;12
Aviação;01.02.2018;9
Tupi;01.02.2018;9
Ocian;01.02.2018;6
Mirim;01.02.2018;10
Maracanã;01.02.2018;1
Caiçara;01.02.2018;7
Real ;01.02.2018;4
Flórida;01.02.2018;2
Solemar;01.02.2018;1
Cidade da Criança;01.02.2018;0
Princesa;01.02.2018;4
Imperador;01.02.2018;0
Melvi;01.02.2018;3
Samambaia;01.02.2018;8
Esmeralda;01.02.2018;2
Ribeirópolis;01.02.2018;1
Andaraguá;01.02.2018;0
Nova Mirim;01.02.2018;5
Anhanguera;01.02.2018;3
Quietude;01.02.2018;3
Santa Marina;01.02.2018;0
Tupiry;01.02.2018;1
Antártica;01.02.2018;5
Vila Sônia;01.02.2018;3
Glória;01.02.2018;2
Sítio do Campo;01.02.2018;13
Xixová;01.02.2018;3
Serra do Mar;01.02.2018;0
Não Informado;01.02.2018;0
Militar;01.02.2019;0
Canto do Forte;01.02.2019;4
Boqueirão;01.02.2019;7
Guilhermina;01.02.2019;12
Aviação;01.02.2019;10
Tupi;01.02.2019;8
Ocian;01.02.2019;8
Mirim;01.02.2019;7
Maracanã;01.02.2019;2
Caiçara;01.02.2019;4
Real ;01.02.2019;1
Flórida;01.02.2019;0
Solemar;01.02.2019;0
Cidade da Criança;01.02.2019;0
Princesa;01.02.2019;0
Imperador;01.02.2019;0
Melvi;01.02.2019;5
Samambaia;01.02.2019;6
Esmeralda;01.02.2019;4
Ribeirópolis;01.02.2019;1
Andaraguá;01.02.2019;0
Nova Mirim;01.02.2019;3
Anhanguera;01.02.2019;3
Quietude;01.02.2019;4
Santa Marina;01.02.2019;0
Tupiry;01.02.2019;3
Antártica;01.02.2019;4
Vila Sônia;01.02.2019;1
Glória;01.02.2019;2
Sítio do Campo;01.02.2019;4
Xixová;01.02.2019;4
Serra do Mar;01.02.2019;0
Não Informado;01.02.2019;0
Militar;01.02.2020;0
Canto do Forte;01.02.2020;3
Boqueirão;01.02.2020;9
Guilhermina;01.02.2020;6
Aviação;01.02.2020;3
Tupi;01.02.2020;4
Ocian;01.02.2020;2
Mirim;01.02.2020;2
Maracanã;01.02.2020;2
Caiçara;01.02.2020;5
Real ;01.02.2020;0
Flórida;01.02.2020;1
Solemar;01.02.2020;2
Cidade da Criança;01.02.2020;0
Princesa;01.02.2020;0
Imperador;01.02.2020;0
Melvi;01.02.2020;0
Samambaia;01.02.2020;2
Esmeralda;01.02.2020;0
Ribeirópolis;01.02.2020;3
Andaraguá;01.02.2020;0
Nova Mirim;01.02.2020;1
Anhanguera;01.02.2020;2
Quietude;01.02.2020;1
Santa Marina;01.02.2020;0
Tupiry;01.02.2020;1
Antártica;01.02.2020;2
Vila Sônia;01.02.2020;3
Glória;01.02.2020;1
Sítio do Campo;01.02.2020;4
Xixová;01.02.2020;5
Serra do Mar;01.02.2020;0
Não Informado;01.02.2020;0
Militar;01.02.2021;0
Canto do Forte;01.02.2021;2
Boqueirão;01.02.2021;1
Guilhermina;01.02.2021;6
Aviação;01.02.2021;6
Tupi;01.02.2021;5
Ocian;01.02.2021;3
Mirim;01.02.2021;6
Maracanã;01.02.2021;4
Caiçara;01.02.2021;3
Real ;01.02.2021;3
Flórida;01.02.2021;0
Solemar;01.02.2021;2
Cidade da Criança;01.02.2021;1
Princesa;01.02.2021;1
Imperador;01.02.2021;0
Melvi;01.02.2021;2
Samambaia;01.02.2021;1
Esmeralda;01.02.2021;0
Ribeirópolis;01.02.2021;2
Andaraguá;01.02.2021;0
Nova Mirim;01.02.2021;2
Anhanguera;01.02.2021;0
Quietude;01.02.2021;2
Santa Marina;01.02.2021;0
Tupiry;01.02.2021;0
Antártica;01.02.2021;4
Vila Sônia;01.02.2021;3
Glória;01.02.2021;2
Sítio do Campo;01.02.2021;4
Xixová;01.02.2021;4
Serra do Mar;01.02.2021;0
Não Informado;01.02.2021;0
Militar;01.03.2013;0
Canto do Forte;01.03.2013;6
Boqueirão;01.03.2013;34
Guilhermina;01.03.2013;17
Aviação;01.03.2013;3
Tupi;01.03.2013;6
Ocian;01.03.2013;2
Mirim;01.03.2013;3
Maracanã;01.03.2013;0
Caiçara;01.03.2013;1
Real ;01.03.2013;0
Flórida;01.03.2013;0
Solemar;01.03.2013;0
Cidade da Criança;01.03.2013;0
Princesa;01.03.2013;0
Imperador;01.03.2013;0
Melvi;01.03.2013;2
Samambaia;01.03.2013;0
Esmeralda;01.03.2013;0
Ribeirópolis;01.03.2013;0
Andaraguá;01.03.2013;0
Nova Mirim;01.03.2013;3
Anhanguera;01.03.2013;2
Quietude;01.03.2013;0
Santa Marina;01.03.2013;0
Tupiry;01.03.2013;5
Antártica;01.03.2013;3
Vila Sônia;01.03.2013;7
Glória;01.03.2013;3
Sítio do Campo;01.03.2013;12
Xixová;01.03.2013;13
Serra do Mar;01.03.2013;0
Não Informado;01.03.2013;0
Militar;01.03.2014;0
Canto do Forte;01.03.2014;5
Boqueirão;01.03.2014;23
Guilhermina;01.03.2014;21
Aviação;01.03.2014;10
Tupi;01.03.2014;6
Ocian;01.03.2014;12
Mirim;01.03.2014;4
Maracanã;01.03.2014;0
Caiçara;01.03.2014;0
Real ;01.03.2014;0
Flórida;01.03.2014;0
Solemar;01.03.2014;0
Cidade da Criança;01.03.2014;0
Princesa;01.03.2014;0
Imperador;01.03.2014;0
Melvi;01.03.2014;0
Samambaia;01.03.2014;0
Esmeralda;01.03.2014;0
Ribeirópolis;01.03.2014;1
Andaraguá;01.03.2014;0
Nova Mirim;01.03.2014;4
Anhanguera;01.03.2014;5
Quietude;01.03.2014;5
Santa Marina;01.03.2014;0
Tupiry;01.03.2014;1
Antártica;01.03.2014;4
Vila Sônia;01.03.2014;3
Glória;01.03.2014;3
Sítio do Campo;01.03.2014;6
Xixová;01.03.2014;9
Serra do Mar;01.03.2014;0
Não Informado;01.03.2014;0
Militar;01.03.2015;0
Canto do Forte;01.03.2015;9
Boqueirão;01.03.2015;30
Guilhermina;01.03.2015;10
Aviação;01.03.2015;9
Tupi;01.03.2015;22
Ocian;01.03.2015;10
Mirim;01.03.2015;11
Maracanã;01.03.2015;1
Caiçara;01.03.2015;12
Real ;01.03.2015;1
Flórida;01.03.2015;0
Solemar;01.03.2015;0
Cidade da Criança;01.03.2015;1
Princesa;01.03.2015;1
Imperador;01.03.2015;0
Melvi;01.03.2015;4
Samambaia;01.03.2015;10
Esmeralda;01.03.2015;1
Ribeirópolis;01.03.2015;2
Andaraguá;01.03.2015;0
Nova Mirim;01.03.2015;7
Anhanguera;01.03.2015;5
Quietude;01.03.2015;3
Santa Marina;01.03.2015;0
Tupiry;01.03.2015;3
Antártica;01.03.2015;5
Vila Sônia;01.03.2015;5
Glória;01.03.2015;2
Sítio do Campo;01.03.2015;8
Xixová;01.03.2015;21
Serra do Mar;01.03.2015;0
Não Informado;01.03.2015;0
Militar;01.03.2016;0
Canto do Forte;01.03.2016;8
Boqueirão;01.03.2016;23
Guilhermina;01.03.2016;17
Aviação;01.03.2016;8
Tupi;01.03.2016;9
Ocian;01.03.2016;17
Mirim;01.03.2016;8
Maracanã;01.03.2016;1
Caiçara;01.03.2016;9
Real ;01.03.2016;0
Flórida;01.03.2016;2
Solemar;01.03.2016;1
Cidade da Criança;01.03.2016;0
Princesa;01.03.2016;1
Imperador;01.03.2016;0
Melvi;01.03.2016;3
Samambaia;01.03.2016;5
Esmeralda;01.03.2016;6
Ribeirópolis;01.03.2016;3
Andaraguá;01.03.2016;0
Nova Mirim;01.03.2016;6
Anhanguera;01.03.2016;1
Quietude;01.03.2016;8
Santa Marina;01.03.2016;0
Tupiry;01.03.2016;4
Antártica;01.03.2016;4
Vila Sônia;01.03.2016;4
Glória;01.03.2016;3
Sítio do Campo;01.03.2016;12
Xixová;01.03.2016;7
Serra do Mar;01.03.2016;0
Não Informado;01.03.2016;0
Militar;01.03.2017;0
Canto do Forte;01.03.2017;7
Boqueirão;01.03.2017;18
Guilhermina;01.03.2017;16
Aviação;01.03.2017;11
Tupi;01.03.2017;15
Ocian;01.03.2017;10
Mirim;01.03.2017;12
Maracanã;01.03.2017;0
Caiçara;01.03.2017;5
Real ;01.03.2017;2
Flórida;01.03.2017;2
Solemar;01.03.2017;4
Cidade da Criança;01.03.2017;0
Princesa;01.03.2017;0
Imperador;01.03.2017;0
Melvi;01.03.2017;3
Samambaia;01.03.2017;1
Esmeralda;01.03.2017;5
Ribeirópolis;01.03.2017;5
Andaraguá;01.03.2017;0
Nova Mirim;01.03.2017;8
Anhanguera;01.03.2017;4
Quietude;01.03.2017;6
Santa Marina;01.03.2017;0
Tupiry;01.03.2017;2
Antártica;01.03.2017;5
Vila Sônia;01.03.2017;5
Glória;01.03.2017;4
Sítio do Campo;01.03.2017;6
Xixová;01.03.2017;6
Serra do Mar;01.03.2017;0
Não Informado;01.03.2017;0
Militar;01.03.2018;0
Canto do Forte;01.03.2018;6
Boqueirão;01.03.2018;13
Guilhermina;01.03.2018;12
Aviação;01.03.2018;4
Tupi;01.03.2018;12
Ocian;01.03.2018;10
Mirim;01.03.2018;3
Maracanã;01.03.2018;1
Caiçara;01.03.2018;2
Real ;01.03.2018;1
Flórida;01.03.2018;0
Solemar;01.03.2018;0
Cidade da Criança;01.03.2018;0
Princesa;01.03.2018;0
Imperador;01.03.2018;0
Melvi;01.03.2018;2
Samambaia;01.03.2018;4
Esmeralda;01.03.2018;2
Ribeirópolis;01.03.2018;0
Andaraguá;01.03.2018;0
Nova Mirim;01.03.2018;2
Anhanguera;01.03.2018;2
Quietude;01.03.2018;2
Santa Marina;01.03.2018;0
Tupiry;01.03.2018;1
Antártica;01.03.2018;2
Vila Sônia;01.03.2018;3
Glória;01.03.2018;1
Sítio do Campo;01.03.2018;8
Xixová;01.03.2018;4
Serra do Mar;01.03.2018;0
Não Informado;01.03.2018;0
Militar;01.03.2019;0
Canto do Forte;01.03.2019;6
Boqueirão;01.03.2019;10
Guilhermina;01.03.2019;12
Aviação;01.03.2019;10
Tupi;01.03.2019;3
Ocian;01.03.2019;6
Mirim;01.03.2019;5
Maracanã;01.03.2019;2
Caiçara;01.03.2019;8
Real ;01.03.2019;2
Flórida;01.03.2019;0
Solemar;01.03.2019;2
Cidade da Criança;01.03.2019;1
Princesa;01.03.2019;0
Imperador;01.03.2019;0
Melvi;01.03.2019;1
Samambaia;01.03.2019;3
Esmeralda;01.03.2019;0
Ribeirópolis;01.03.2019;2
Andaraguá;01.03.2019;0
Nova Mirim;01.03.2019;2
Anhanguera;01.03.2019;2
Quietude;01.03.2019;2
Santa Marina;01.03.2019;0
Tupiry;01.03.2019;1
Antártica;01.03.2019;4
Vila Sônia;01.03.2019;4
Glória;01.03.2019;3
Sítio do Campo;01.03.2019;6
Xixová;01.03.2019;6
Serra do Mar;01.03.2019;0
Não Informado;01.03.2019;0
Militar;01.03.2020;0
Canto do Forte;01.03.2020;9
Boqueirão;01.03.2020;2
Guilhermina;01.03.2020;8
Aviação;01.03.2020;3
Tupi;01.03.2020;2
Ocian;01.03.2020;0
Mirim;01.03.2020;3
Maracanã;01.03.2020;0
Caiçara;01.03.2020;0
Real ;01.03.2020;0
Flórida;01.03.2020;0
Solemar;01.03.2020;1
Cidade da Criança;01.03.2020;1
Princesa;01.03.2020;0
Imperador;01.03.2020;0
Melvi;01.03.2020;0
Samambaia;01.03.2020;3
Esmeralda;01.03.2020;0
Ribeirópolis;01.03.2020;3
Andaraguá;01.03.2020;0
Nova Mirim;01.03.2020;6
Anhanguera;01.03.2020;0
Quietude;01.03.2020;0
Santa Marina;01.03.2020;0
Tupiry;01.03.2020;1
Antártica;01.03.2020;2
Vila Sônia;01.03.2020;0
Glória;01.03.2020;0
Sítio do Campo;01.03.2020;3
Xixová;01.03.2020;3
Serra do Mar;01.03.2020;0
Não Informado;01.03.2020;5
Militar;01.03.2021;0
Canto do Forte;01.03.2021;3
Boqueirão;01.03.2021;5
Guilhermina;01.03.2021;7
Aviação;01.03.2021;4
Tupi;01.03.2021;2
Ocian;01.03.2021;2
Mirim;01.03.2021;2
Maracanã;01.03.2021;4
Caiçara;01.03.2021;4
Real ;01.03.2021;0
Flórida;01.03.2021;1
Solemar;01.03.2021;2
Cidade da Criança;01.03.2021;1
Princesa;01.03.2021;0
Imperador;01.03.2021;0
Melvi;01.03.2021;0
Samambaia;01.03.2021;3
Esmeralda;01.03.2021;1
Ribeirópolis;01.03.2021;2
Andaraguá;01.03.2021;0
Nova Mirim;01.03.2021;0
Anhanguera;01.03.2021;1
Quietude;01.03.2021;0
Santa Marina;01.03.2021;0
Tupiry;01.03.2021;0
Antártica;01.03.2021;3
Vila Sônia;01.03.2021;3
Glória;01.03.2021;0
Sítio do Campo;01.03.2021;7
Xixová;01.03.2021;3
Serra do Mar;01.03.2021;0
Não Informado;01.03.2021;2
Militar;01.04.2013;0
Canto do Forte;01.04.2013;5
Boqueirão;01.04.2013;44
Guilhermina;01.04.2013;18
Aviação;01.04.2013;6
Tupi;01.04.2013;9
Ocian;01.04.2013;4
Mirim;01.04.2013;2
Maracanã;01.04.2013;0
Caiçara;01.04.2013;0
Real ;01.04.2013;0
Flórida;01.04.2013;0
Solemar;01.04.2013;0
Cidade da Criança;01.04.2013;0
Princesa;01.04.2013;0
Imperador;01.04.2013;0
Melvi;01.04.2013;0
Samambaia;01.04.2013;0
Esmeralda;01.04.2013;0
Ribeirópolis;01.04.2013;0
Andaraguá;01.04.2013;0
Nova Mirim;01.04.2013;6
Anhanguera;01.04.2013;5
Quietude;01.04.2013;3
Santa Marina;01.04.2013;0
Tupiry;01.04.2013;1
Antártica;01.04.2013;6
Vila Sônia;01.04.2013;3
Glória;01.04.2013;2
Sítio do Campo;01.04.2013;10
Xixová;01.04.2013;18
Serra do Mar;01.04.2013;0
Não Informado;01.04.2013;0
Militar;01.04.2014;0
Canto do Forte;01.04.2014;4
Boqueirão;01.04.2014;39
Guilhermina;01.04.2014;14
Aviação;01.04.2014;9
Tupi;01.04.2014;9
Ocian;01.04.2014;9
Mirim;01.04.2014;4
Maracanã;01.04.2014;0
Caiçara;01.04.2014;0
Real ;01.04.2014;0
Flórida;01.04.2014;0
Solemar;01.04.2014;0
Cidade da Criança;01.04.2014;0
Princesa;01.04.2014;0
Imperador;01.04.2014;0
Melvi;01.04.2014;0
Samambaia;01.04.2014;0
Esmeralda;01.04.2014;0
Ribeirópolis;01.04.2014;0
Andaraguá;01.04.2014;0
Nova Mirim;01.04.2014;7
Anhanguera;01.04.2014;2
Quietude;01.04.2014;3
Santa Marina;01.04.2014;0
Tupiry;01.04.2014;2
Antártica;01.04.2014;9
Vila Sônia;01.04.2014;8
Glória;01.04.2014;6
Sítio do Campo;01.04.2014;6
Xixová;01.04.2014;11
Serra do Mar;01.04.2014;0
Não Informado;01.04.2014;0
Militar;01.04.2015;0
Canto do Forte;01.04.2015;5
Boqueirão;01.04.2015;22
Guilhermina;01.04.2015;13
Aviação;01.04.2015;8
Tupi;01.04.2015;11
Ocian;01.04.2015;13
Mirim;01.04.2015;9
Maracanã;01.04.2015;0
Caiçara;01.04.2015;5
Real ;01.04.2015;2
Flórida;01.04.2015;0
Solemar;01.04.2015;0
Cidade da Criança;01.04.2015;0
Princesa;01.04.2015;0
Imperador;01.04.2015;0
Melvi;01.04.2015;2
Samambaia;01.04.2015;6
Esmeralda;01.04.2015;4
Ribeirópolis;01.04.2015;2
Andaraguá;01.04.2015;0
Nova Mirim;01.04.2015;5
Anhanguera;01.04.2015;2
Quietude;01.04.2015;3
Santa Marina;01.04.2015;0
Tupiry;01.04.2015;1
Antártica;01.04.2015;7
Vila Sônia;01.04.2015;2
Glória;01.04.2015;4
Sítio do Campo;01.04.2015;10
Xixová;01.04.2015;7
Serra do Mar;01.04.2015;0
Não Informado;01.04.2015;0
Militar;01.04.2016;0
Canto do Forte;01.04.2016;8
Boqueirão;01.04.2016;29
Guilhermina;01.04.2016;12
Aviação;01.04.2016;6
Tupi;01.04.2016;8
Ocian;01.04.2016;7
Mirim;01.04.2016;11
Maracanã;01.04.2016;6
Caiçara;01.04.2016;5
Real ;01.04.2016;1
Flórida;01.04.2016;1
Solemar;01.04.2016;1
Cidade da Criança;01.04.2016;0
Princesa;01.04.2016;1
Imperador;01.04.2016;0
Melvi;01.04.2016;2
Samambaia;01.04.2016;7
Esmeralda;01.04.2016;4
Ribeirópolis;01.04.2016;1
Andaraguá;01.04.2016;0
Nova Mirim;01.04.2016;2
Anhanguera;01.04.2016;5
Quietude;01.04.2016;3
Santa Marina;01.04.2016;0
Tupiry;01.04.2016;5
Antártica;01.04.2016;6
Vila Sônia;01.04.2016;2
Glória;01.04.2016;2
Sítio do Campo;01.04.2016;11
Xixová;01.04.2016;9
Serra do Mar;01.04.2016;0
Não Informado;01.04.2016;0
Militar;01.04.2017;0
Canto do Forte;01.04.2017;9
Boqueirão;01.04.2017;25
Guilhermina;01.04.2017;10
Aviação;01.04.2017;14
Tupi;01.04.2017;6
Ocian;01.04.2017;12
Mirim;01.04.2017;17
Maracanã;01.04.2017;4
Caiçara;01.04.2017;8
Real ;01.04.2017;3
Flórida;01.04.2017;0
Solemar;01.04.2017;2
Cidade da Criança;01.04.2017;1
Princesa;01.04.2017;1
Imperador;01.04.2017;0
Melvi;01.04.2017;5
Samambaia;01.04.2017;7
Esmeralda;01.04.2017;2
Ribeirópolis;01.04.2017;1
Andaraguá;01.04.2017;0
Nova Mirim;01.04.2017;6
Anhanguera;01.04.2017;7
Quietude;01.04.2017;7
Santa Marina;01.04.2017;0
Tupiry;01.04.2017;6
Antártica;01.04.2017;8
Vila Sônia;01.04.2017;1
Glória;01.04.2017;1
Sítio do Campo;01.04.2017;15
Xixová;01.04.2017;5
Serra do Mar;01.04.2017;0
Não Informado;01.04.2017;0
Militar;01.04.2018;0
Canto do Forte;01.04.2018;4
Boqueirão;01.04.2018;16
Guilhermina;01.04.2018;11
Aviação;01.04.2018;5
Tupi;01.04.2018;7
Ocian;01.04.2018;7
Mirim;01.04.2018;6
Maracanã;01.04.2018;2
Caiçara;01.04.2018;1
Real ;01.04.2018;0
Flórida;01.04.2018;0
Solemar;01.04.2018;0
Cidade da Criança;01.04.2018;0
Princesa;01.04.2018;0
Imperador;01.04.2018;0
Melvi;01.04.2018;0
Samambaia;01.04.2018;0
Esmeralda;01.04.2018;0
Ribeirópolis;01.04.2018;0
Andaraguá;01.04.2018;0
Nova Mirim;01.04.2018;5
Anhanguera;01.04.2018;3
Quietude;01.04.2018;1
Santa Marina;01.04.2018;0
Tupiry;01.04.2018;2
Antártica;01.04.2018;1
Vila Sônia;01.04.2018;0
Glória;01.04.2018;2
Sítio do Campo;01.04.2018;6
Xixová;01.04.2018;6
Serra do Mar;01.04.2018;0
Não Informado;01.04.2018;0
Militar;01.04.2019;0
Canto do Forte;01.04.2019;4
Boqueirão;01.04.2019;20
Guilhermina;01.04.2019;11
Aviação;01.04.2019;2
Tupi;01.04.2019;11
Ocian;01.04.2019;6
Mirim;01.04.2019;5
Maracanã;01.04.2019;3
Caiçara;01.04.2019;7
Real ;01.04.2019;3
Flórida;01.04.2019;0
Solemar;01.04.2019;2
Cidade da Criança;01.04.2019;0
Princesa;01.04.2019;0
Imperador;01.04.2019;0
Melvi;01.04.2019;1
Samambaia;01.04.2019;2
Esmeralda;01.04.2019;3
Ribeirópolis;01.04.2019;1
Andaraguá;01.04.2019;0
Nova Mirim;01.04.2019;4
Anhanguera;01.04.2019;1
Quietude;01.04.2019;3
Santa Marina;01.04.2019;0
Tupiry;01.04.2019;2
Antártica;01.04.2019;3
Vila Sônia;01.04.2019;2
Glória;01.04.2019;4
Sítio do Campo;01.04.2019;4
Xixová;01.04.2019;3
Serra do Mar;01.04.2019;0
Não Informado;01.04.2019;1
Militar;01.04.2020;0
Canto do Forte;01.04.2020;2
Boqueirão;01.04.2020;3
Guilhermina;01.04.2020;4
Aviação;01.04.2020;1
Tupi;01.04.2020;1
Ocian;01.04.2020;2
Mirim;01.04.2020;2
Maracanã;01.04.2020;2
Caiçara;01.04.2020;3
Real ;01.04.2020;2
Flórida;01.04.2020;1
Solemar;01.04.2020;0
Cidade da Criança;01.04.2020;0
Princesa;01.04.2020;0
Imperador;01.04.2020;0
Melvi;01.04.2020;1
Samambaia;01.04.2020;2
Esmeralda;01.04.2020;2
Ribeirópolis;01.04.2020;1
Andaraguá;01.04.2020;0
Nova Mirim;01.04.2020;1
Anhanguera;01.04.2020;2
Quietude;01.04.2020;0
Santa Marina;01.04.2020;0
Tupiry;01.04.2020;1
Antártica;01.04.2020;2
Vila Sônia;01.04.2020;1
Glória;01.04.2020;1
Sítio do Campo;01.04.2020;2
Xixová;01.04.2020;0
Serra do Mar;01.04.2020;0
Não Informado;01.04.2020;2
Militar;01.04.2021;0
Canto do Forte;01.04.2021;3
Boqueirão;01.04.2021;12
Guilhermina;01.04.2021;3
Aviação;01.04.2021;3
Tupi;01.04.2021;4
Ocian;01.04.2021;0
Mirim;01.04.2021;4
Maracanã;01.04.2021;2
Caiçara;01.04.2021;4
Real ;01.04.2021;0
Flórida;01.04.2021;2
Solemar;01.04.2021;1
Cidade da Criança;01.04.2021;0
Princesa;01.04.2021;0
Imperador;01.04.2021;0
Melvi;01.04.2021;0
Samambaia;01.04.2021;4
Esmeralda;01.04.2021;2
Ribeirópolis;01.04.2021;1
Andaraguá;01.04.2021;0
Nova Mirim;01.04.2021;1
Anhanguera;01.04.2021;1
Quietude;01.04.2021;2
Santa Marina;01.04.2021;0
Tupiry;01.04.2021;1
Antártica;01.04.2021;2
Vila Sônia;01.04.2021;3
Glória;01.04.2021;1
Sítio do Campo;01.04.2021;2
Xixová;01.04.2021;2
Serra do Mar;01.04.2021;0
Não Informado;01.04.2021;0
Militar;01.05.2013;0
Canto do Forte;01.05.2013;3
Boqueirão;01.05.2013;26
Guilhermina;01.05.2013;8
Aviação;01.05.2013;11
Tupi;01.05.2013;6
Ocian;01.05.2013;8
Mirim;01.05.2013;0
Maracanã;01.05.2013;0
Caiçara;01.05.2013;0
Real ;01.05.2013;0
Flórida;01.05.2013;0
Solemar;01.05.2013;0
Cidade da Criança;01.05.2013;0
Princesa;01.05.2013;0
Imperador;01.05.2013;0
Melvi;01.05.2013;0
Samambaia;01.05.2013;0
Esmeralda;01.05.2013;0
Ribeirópolis;01.05.2013;0
Andaraguá;01.05.2013;0
Nova Mirim;01.05.2013;4
Anhanguera;01.05.2013;2
Quietude;01.05.2013;1
Santa Marina;01.05.2013;0
Tupiry;01.05.2013;1
Antártica;01.05.2013;2
Vila Sônia;01.05.2013;7
Glória;01.05.2013;6
Sítio do Campo;01.05.2013;12
Xixová;01.05.2013;13
Serra do Mar;01.05.2013;0
Não Informado;01.05.2013;0
Militar;01.05.2014;0
Canto do Forte;01.05.2014;4
Boqueirão;01.05.2014;24
Guilhermina;01.05.2014;18
Aviação;01.05.2014;5
Tupi;01.05.2014;7
Ocian;01.05.2014;7
Mirim;01.05.2014;0
Maracanã;01.05.2014;0
Caiçara;01.05.2014;0
Real ;01.05.2014;0
Flórida;01.05.2014;0
Solemar;01.05.2014;0
Cidade da Criança;01.05.2014;0
Princesa;01.05.2014;0
Imperador;01.05.2014;0
Melvi;01.05.2014;0
Samambaia;01.05.2014;1
Esmeralda;01.05.2014;1
Ribeirópolis;01.05.2014;0
Andaraguá;01.05.2014;0
Nova Mirim;01.05.2014;4
Anhanguera;01.05.2014;5
Quietude;01.05.2014;2
Santa Marina;01.05.2014;0
Tupiry;01.05.2014;3
Antártica;01.05.2014;8
Vila Sônia;01.05.2014;1
Glória;01.05.2014;7
Sítio do Campo;01.05.2014;14
Xixová;01.05.2014;10
Serra do Mar;01.05.2014;0
Não Informado;01.05.2014;0
Militar;01.05.2015;0
Canto do Forte;01.05.2015;10
Boqueirão;01.05.2015;23
Guilhermina;01.05.2015;14
Aviação;01.05.2015;11
Tupi;01.05.2015;16
Ocian;01.05.2015;6
Mirim;01.05.2015;15
Maracanã;01.05.2015;2
Caiçara;01.05.2015;6
Real ;01.05.2015;0
Flórida;01.05.2015;0
Solemar;01.05.2015;1
Cidade da Criança;01.05.2015;0
Princesa;01.05.2015;0
Imperador;01.05.2015;0
Melvi;01.05.2015;2
Samambaia;01.05.2015;4
Esmeralda;01.05.2015;4
Ribeirópolis;01.05.2015;0
Andaraguá;01.05.2015;0
Nova Mirim;01.05.2015;6
Anhanguera;01.05.2015;2
Quietude;01.05.2015;8
Santa Marina;01.05.2015;0
Tupiry;01.05.2015;2
Antártica;01.05.2015;9
Vila Sônia;01.05.2015;5
Glória;01.05.2015;4
Sítio do Campo;01.05.2015;11
Xixová;01.05.2015;14
Serra do Mar;01.05.2015;0
Não Informado;01.05.2015;0
Militar;01.05.2016;0
Canto do Forte;01.05.2016;3
Boqueirão;01.05.2016;18
Guilhermina;01.05.2016;13
Aviação;01.05.2016;11
Tupi;01.05.2016;8
Ocian;01.05.2016;12
Mirim;01.05.2016;12
Maracanã;01.05.2016;4
Caiçara;01.05.2016;5
Real ;01.05.2016;1
Flórida;01.05.2016;0
Solemar;01.05.2016;0
Cidade da Criança;01.05.2016;0
Princesa;01.05.2016;1
Imperador;01.05.2016;0
Melvi;01.05.2016;4
Samambaia;01.05.2016;7
Esmeralda;01.05.2016;1
Ribeirópolis;01.05.2016;4
Andaraguá;01.05.2016;0
Nova Mirim;01.05.2016;0
Anhanguera;01.05.2016;6
Quietude;01.05.2016;7
Santa Marina;01.05.2016;0
Tupiry;01.05.2016;6
Antártica;01.05.2016;6
Vila Sônia;01.05.2016;5
Glória;01.05.2016;3
Sítio do Campo;01.05.2016;8
Xixová;01.05.2016;8
Serra do Mar;01.05.2016;0
Não Informado;01.05.2016;0
Militar;01.05.2017;0
Canto do Forte;01.05.2017;5
Boqueirão;01.05.2017;20
Guilhermina;01.05.2017;18
Aviação;01.05.2017;6
Tupi;01.05.2017;7
Ocian;01.05.2017;8
Mirim;01.05.2017;6
Maracanã;01.05.2017;1
Caiçara;01.05.2017;5
Real ;01.05.2017;1
Flórida;01.05.2017;2
Solemar;01.05.2017;0
Cidade da Criança;01.05.2017;1
Princesa;01.05.2017;0
Imperador;01.05.2017;0
Melvi;01.05.2017;1
Samambaia;01.05.2017;6
Esmeralda;01.05.2017;1
Ribeirópolis;01.05.2017;1
Andaraguá;01.05.2017;0
Nova Mirim;01.05.2017;5
Anhanguera;01.05.2017;2
Quietude;01.05.2017;5
Santa Marina;01.05.2017;0
Tupiry;01.05.2017;0
Antártica;01.05.2017;3
Vila Sônia;01.05.2017;3
Glória;01.05.2017;3
Sítio do Campo;01.05.2017;11
Xixová;01.05.2017;5
Serra do Mar;01.05.2017;0
Não Informado;01.05.2017;0
Militar;01.05.2018;0
Canto do Forte;01.05.2018;5
Boqueirão;01.05.2018;8
Guilhermina;01.05.2018;5
Aviação;01.05.2018;2
Tupi;01.05.2018;5
Ocian;01.05.2018;3
Mirim;01.05.2018;3
Maracanã;01.05.2018;1
Caiçara;01.05.2018;1
Real ;01.05.2018;0
Flórida;01.05.2018;0
Solemar;01.05.2018;0
Cidade da Criança;01.05.2018;0
Princesa;01.05.2018;0
Imperador;01.05.2018;0
Melvi;01.05.2018;0
Samambaia;01.05.2018;0
Esmeralda;01.05.2018;0
Ribeirópolis;01.05.2018;0
Andaraguá;01.05.2018;0
Nova Mirim;01.05.2018;0
Anhanguera;01.05.2018;1
Quietude;01.05.2018;0
Santa Marina;01.05.2018;0
Tupiry;01.05.2018;1
Antártica;01.05.2018;2
Vila Sônia;01.05.2018;2
Glória;01.05.2018;0
Sítio do Campo;01.05.2018;5
Xixová;01.05.2018;4
Serra do Mar;01.05.2018;0
Não Informado;01.05.2018;0
Militar;01.05.2019;0
Canto do Forte;01.05.2019;6
Boqueirão;01.05.2019;14
Guilhermina;01.05.2019;8
Aviação;01.05.2019;4
Tupi;01.05.2019;1
Ocian;01.05.2019;4
Mirim;01.05.2019;5
Maracanã;01.05.2019;0
Caiçara;01.05.2019;3
Real ;01.05.2019;1
Flórida;01.05.2019;0
Solemar;01.05.2019;0
Cidade da Criança;01.05.2019;2
Princesa;01.05.2019;1
Imperador;01.05.2019;0
Melvi;01.05.2019;2
Samambaia;01.05.2019;3
Esmeralda;01.05.2019;4
Ribeirópolis;01.05.2019;2
Andaraguá;01.05.2019;0
Nova Mirim;01.05.2019;1
Anhanguera;01.05.2019;2
Quietude;01.05.2019;4
Santa Marina;01.05.2019;0
Tupiry;01.05.2019;0
Antártica;01.05.2019;1
Vila Sônia;01.05.2019;3
Glória;01.05.2019;1
Sítio do Campo;01.05.2019;9
Xixová;01.05.2019;7
Serra do Mar;01.05.2019;0
Não Informado;01.05.2019;1
Militar;01.05.2020;0
Canto do Forte;01.05.2020;2
Boqueirão;01.05.2020;4
Guilhermina;01.05.2020;3
Aviação;01.05.2020;4
Tupi;01.05.2020;3
Ocian;01.05.2020;2
Mirim;01.05.2020;1
Maracanã;01.05.2020;2
Caiçara;01.05.2020;3
Real ;01.05.2020;1
Flórida;01.05.2020;1
Solemar;01.05.2020;0
Cidade da Criança;01.05.2020;0
Princesa;01.05.2020;0
Imperador;01.05.2020;0
Melvi;01.05.2020;0
Samambaia;01.05.2020;4
Esmeralda;01.05.2020;0
Ribeirópolis;01.05.2020;4
Andaraguá;01.05.2020;0
Nova Mirim;01.05.2020;4
Anhanguera;01.05.2020;2
Quietude;01.05.2020;3
Santa Marina;01.05.2020;0
Tupiry;01.05.2020;0
Antártica;01.05.2020;3
Vila Sônia;01.05.2020;0
Glória;01.05.2020;1
Sítio do Campo;01.05.2020;1
Xixová;01.05.2020;1
Serra do Mar;01.05.2020;0
Não Informado;01.05.2020;1
Militar;01.05.2021;0
Canto do Forte;01.05.2021;4
Boqueirão;01.05.2021;6
Guilhermina;01.05.2021;0
Aviação;01.05.2021;4
Tupi;01.05.2021;2
Ocian;01.05.2021;2
Mirim;01.05.2021;4
Maracanã;01.05.2021;4
Caiçara;01.05.2021;2
Real ;01.05.2021;1
Flórida;01.05.2021;1
Solemar;01.05.2021;0
Cidade da Criança;01.05.2021;2
Princesa;01.05.2021;0
Imperador;01.05.2021;0
Melvi;01.05.2021;2
Samambaia;01.05.2021;6
Esmeralda;01.05.2021;3
Ribeirópolis;01.05.2021;1
Andaraguá;01.05.2021;0
Nova Mirim;01.05.2021;1
Anhanguera;01.05.2021;0
Quietude;01.05.2021;1
Santa Marina;01.05.2021;0
Tupiry;01.05.2021;0
Antártica;01.05.2021;0
Vila Sônia;01.05.2021;4
Glória;01.05.2021;3
Sítio do Campo;01.05.2021;11
Xixová;01.05.2021;2
Serra do Mar;01.05.2021;0
Não Informado;01.05.2021;0
Militar;01.06.2013;0
Canto do Forte;01.06.2013;10
Boqueirão;01.06.2013;25
Guilhermina;01.06.2013;12
Aviação;01.06.2013;6
Tupi;01.06.2013;5
Ocian;01.06.2013;5
Mirim;01.06.2013;2
Maracanã;01.06.2013;0
Caiçara;01.06.2013;0
Real ;01.06.2013;0
Flórida;01.06.2013;0
Solemar;01.06.2013;0
Cidade da Criança;01.06.2013;0
Princesa;01.06.2013;0
Imperador;01.06.2013;0
Melvi;01.06.2013;0
Samambaia;01.06.2013;0
Esmeralda;01.06.2013;0
Ribeirópolis;01.06.2013;0
Andaraguá;01.06.2013;0
Nova Mirim;01.06.2013;1
Anhanguera;01.06.2013;2
Quietude;01.06.2013;7
Santa Marina;01.06.2013;0
Tupiry;01.06.2013;2
Antártica;01.06.2013;4
Vila Sônia;01.06.2013;6
Glória;01.06.2013;3
Sítio do Campo;01.06.2013;10
Xixová;01.06.2013;14
Serra do Mar;01.06.2013;0
Não Informado;01.06.2013;0
Militar;01.06.2014;0
Canto do Forte;01.06.2014;10
Boqueirão;01.06.2014;26
Guilhermina;01.06.2014;15
Aviação;01.06.2014;8
Tupi;01.06.2014;5
Ocian;01.06.2014;4
Mirim;01.06.2014;3
Maracanã;01.06.2014;0
Caiçara;01.06.2014;0
Real ;01.06.2014;1
Flórida;01.06.2014;0
Solemar;01.06.2014;0
Cidade da Criança;01.06.2014;0
Princesa;01.06.2014;0
Imperador;01.06.2014;0
Melvi;01.06.2014;0
Samambaia;01.06.2014;0
Esmeralda;01.06.2014;0
Ribeirópolis;01.06.2014;0
Andaraguá;01.06.2014;0
Nova Mirim;01.06.2014;2
Anhanguera;01.06.2014;4
Quietude;01.06.2014;1
Santa Marina;01.06.2014;0
Tupiry;01.06.2014;1
Antártica;01.06.2014;6
Vila Sônia;01.06.2014;3
Glória;01.06.2014;3
Sítio do Campo;01.06.2014;7
Xixová;01.06.2014;16
Serra do Mar;01.06.2014;0
Não Informado;01.06.2014;0
Militar;01.06.2015;0
Canto do Forte;01.06.2015;11
Boqueirão;01.06.2015;23
Guilhermina;01.06.2015;13
Aviação;01.06.2015;9
Tupi;01.06.2015;11
Ocian;01.06.2015;8
Mirim;01.06.2015;4
Maracanã;01.06.2015;1
Caiçara;01.06.2015;11
Real ;01.06.2015;2
Flórida;01.06.2015;0
Solemar;01.06.2015;2
Cidade da Criança;01.06.2015;0
Princesa;01.06.2015;0
Imperador;01.06.2015;0
Melvi;01.06.2015;4
Samambaia;01.06.2015;1
Esmeralda;01.06.2015;9
Ribeirópolis;01.06.2015;3
Andaraguá;01.06.2015;0
Nova Mirim;01.06.2015;4
Anhanguera;01.06.2015;4
Quietude;01.06.2015;6
Santa Marina;01.06.2015;0
Tupiry;01.06.2015;7
Antártica;01.06.2015;11
Vila Sônia;01.06.2015;3
Glória;01.06.2015;2
Sítio do Campo;01.06.2015;11
Xixová;01.06.2015;11
Serra do Mar;01.06.2015;0
Não Informado;01.06.2015;0
Militar;01.06.2016;0
Canto do Forte;01.06.2016;9
Boqueirão;01.06.2016;17
Guilhermina;01.06.2016;7
Aviação;01.06.2016;6
Tupi;01.06.2016;13
Ocian;01.06.2016;7
Mirim;01.06.2016;8
Maracanã;01.06.2016;2
Caiçara;01.06.2016;7
Real ;01.06.2016;0
Flórida;01.06.2016;0
Solemar;01.06.2016;1
Cidade da Criança;01.06.2016;0
Princesa;01.06.2016;0
Imperador;01.06.2016;0
Melvi;01.06.2016;2
Samambaia;01.06.2016;5
Esmeralda;01.06.2016;1
Ribeirópolis;01.06.2016;2
Andaraguá;01.06.2016;1
Nova Mirim;01.06.2016;7
Anhanguera;01.06.2016;7
Quietude;01.06.2016;4
Santa Marina;01.06.2016;0
Tupiry;01.06.2016;3
Antártica;01.06.2016;2
Vila Sônia;01.06.2016;9
Glória;01.06.2016;2
Sítio do Campo;01.06.2016;4
Xixová;01.06.2016;1
Serra do Mar;01.06.2016;0
Não Informado;01.06.2016;0
Militar;01.06.2017;0
Canto do Forte;01.06.2017;4
Boqueirão;01.06.2017;26
Guilhermina;01.06.2017;13
Aviação;01.06.2017;10
Tupi;01.06.2017;9
Ocian;01.06.2017;11
Mirim;01.06.2017;13
Maracanã;01.06.2017;3
Caiçara;01.06.2017;3
Real ;01.06.2017;1
Flórida;01.06.2017;1
Solemar;01.06.2017;1
Cidade da Criança;01.06.2017;1
Princesa;01.06.2017;0
Imperador;01.06.2017;0
Melvi;01.06.2017;3
Samambaia;01.06.2017;7
Esmeralda;01.06.2017;1
Ribeirópolis;01.06.2017;2
Andaraguá;01.06.2017;0
Nova Mirim;01.06.2017;3
Anhanguera;01.06.2017;8
Quietude;01.06.2017;2
Santa Marina;01.06.2017;0
Tupiry;01.06.2017;2
Antártica;01.06.2017;5
Vila Sônia;01.06.2017;3
Glória;01.06.2017;2
Sítio do Campo;01.06.2017;10
Xixová;01.06.2017;2
Serra do Mar;01.06.2017;0
Não Informado;01.06.2017;0
Militar;01.06.2018;0
Canto do Forte;01.06.2018;2
Boqueirão;01.06.2018;11
Guilhermina;01.06.2018;6
Aviação;01.06.2018;3
Tupi;01.06.2018;8
Ocian;01.06.2018;10
Mirim;01.06.2018;4
Maracanã;01.06.2018;1
Caiçara;01.06.2018;1
Real ;01.06.2018;0
Flórida;01.06.2018;1
Solemar;01.06.2018;0
Cidade da Criança;01.06.2018;0
Princesa;01.06.2018;0
Imperador;01.06.2018;0
Melvi;01.06.2018;0
Samambaia;01.06.2018;1
Esmeralda;01.06.2018;0
Ribeirópolis;01.06.2018;0
Andaraguá;01.06.2018;0
Nova Mirim;01.06.2018;2
Anhanguera;01.06.2018;1
Quietude;01.06.2018;3
Santa Marina;01.06.2018;0
Tupiry;01.06.2018;2
Antártica;01.06.2018;3
Vila Sônia;01.06.2018;5
Glória;01.06.2018;0
Sítio do Campo;01.06.2018;5
Xixová;01.06.2018;2
Serra do Mar;01.06.2018;0
Não Informado;01.06.2018;1
Militar;01.06.2019;0
Canto do Forte;01.06.2019;4
Boqueirão;01.06.2019;19
Guilhermina;01.06.2019;9
Aviação;01.06.2019;7
Tupi;01.06.2019;5
Ocian;01.06.2019;12
Mirim;01.06.2019;7
Maracanã;01.06.2019;5
Caiçara;01.06.2019;6
Real ;01.06.2019;3
Flórida;01.06.2019;0
Solemar;01.06.2019;0
Cidade da Criança;01.06.2019;0
Princesa;01.06.2019;0
Imperador;01.06.2019;0
Melvi;01.06.2019;5
Samambaia;01.06.2019;5
Esmeralda;01.06.2019;1
Ribeirópolis;01.06.2019;1
Andaraguá;01.06.2019;0
Nova Mirim;01.06.2019;3
Anhanguera;01.06.2019;1
Quietude;01.06.2019;3
Santa Marina;01.06.2019;0
Tupiry;01.06.2019;2
Antártica;01.06.2019;8
Vila Sônia;01.06.2019;3
Glória;01.06.2019;2
Sítio do Campo;01.06.2019;4
Xixová;01.06.2019;10
Serra do Mar;01.06.2019;0
Não Informado;01.06.2019;1
Militar;01.06.2020;0
Canto do Forte;01.06.2020;3
Boqueirão;01.06.2020;4
Guilhermina;01.06.2020;5
Aviação;01.06.2020;6
Tupi;01.06.2020;3
Ocian;01.06.2020;1
Mirim;01.06.2020;2
Maracanã;01.06.2020;1
Caiçara;01.06.2020;3
Real ;01.06.2020;1
Flórida;01.06.2020;0
Solemar;01.06.2020;0
Cidade da Criança;01.06.2020;0
Princesa;01.06.2020;2
Imperador;01.06.2020;0
Melvi;01.06.2020;0
Samambaia;01.06.2020;0
Esmeralda;01.06.2020;1
Ribeirópolis;01.06.2020;4
Andaraguá;01.06.2020;0
Nova Mirim;01.06.2020;1
Anhanguera;01.06.2020;1
Quietude;01.06.2020;1
Santa Marina;01.06.2020;0
Tupiry;01.06.2020;0
Antártica;01.06.2020;2
Vila Sônia;01.06.2020;0
Glória;01.06.2020;1
Sítio do Campo;01.06.2020;1
Xixová;01.06.2020;2
Serra do Mar;01.06.2020;0
Não Informado;01.06.2020;2
Militar;01.06.2021;0
Canto do Forte;01.06.2021;3
Boqueirão;01.06.2021;10
Guilhermina;01.06.2021;6
Aviação;01.06.2021;2
Tupi;01.06.2021;6
Ocian;01.06.2021;3
Mirim;01.06.2021;3
Maracanã;01.06.2021;2
Caiçara;01.06.2021;4
Real ;01.06.2021;1
Flórida;01.06.2021;0
Solemar;01.06.2021;1
Cidade da Criança;01.06.2021;0
Princesa;01.06.2021;1
Imperador;01.06.2021;0
Melvi;01.06.2021;1
Samambaia;01.06.2021;4
Esmeralda;01.06.2021;5
Ribeirópolis;01.06.2021;2
Andaraguá;01.06.2021;0
Nova Mirim;01.06.2021;1
Anhanguera;01.06.2021;3
Quietude;01.06.2021;1
Santa Marina;01.06.2021;0
Tupiry;01.06.2021;1
Antártica;01.06.2021;2
Vila Sônia;01.06.2021;2
Glória;01.06.2021;2
Sítio do Campo;01.06.2021;5
Xixová;01.06.2021;4
Serra do Mar;01.06.2021;0
Não Informado;01.06.2021;5
Militar;01.07.2013;0
Canto do Forte;01.07.2013;9
Boqueirão;01.07.2013;28
Guilhermina;01.07.2013;9
Aviação;01.07.2013;8
Tupi;01.07.2013;5
Ocian;01.07.2013;3
Mirim;01.07.2013;1
Maracanã;01.07.2013;0
Caiçara;01.07.2013;0
Real ;01.07.2013;0
Flórida;01.07.2013;0
Solemar;01.07.2013;0
Cidade da Criança;01.07.2013;0
Princesa;01.07.2013;0
Imperador;01.07.2013;0
Melvi;01.07.2013;0
Samambaia;01.07.2013;1
Esmeralda;01.07.2013;1
Ribeirópolis;01.07.2013;0
Andaraguá;01.07.2013;0
Nova Mirim;01.07.2013;3
Anhanguera;01.07.2013;4
Quietude;01.07.2013;2
Santa Marina;01.07.2013;0
Tupiry;01.07.2013;1
Antártica;01.07.2013;9
Vila Sônia;01.07.2013;1
Glória;01.07.2013;2
Sítio do Campo;01.07.2013;8
Xixová;01.07.2013;8
Serra do Mar;01.07.2013;0
Não Informado;01.07.2013;0
Militar;01.07.2014;0
Canto do Forte;01.07.2014;5
Boqueirão;01.07.2014;18
Guilhermina;01.07.2014;16
Aviação;01.07.2014;11
Tupi;01.07.2014;6
Ocian;01.07.2014;6
Mirim;01.07.2014;6
Maracanã;01.07.2014;0
Caiçara;01.07.2014;0
Real ;01.07.2014;0
Flórida;01.07.2014;0
Solemar;01.07.2014;0
Cidade da Criança;01.07.2014;0
Princesa;01.07.2014;0
Imperador;01.07.2014;0
Melvi;01.07.2014;0
Samambaia;01.07.2014;0
Esmeralda;01.07.2014;1
Ribeirópolis;01.07.2014;0
Andaraguá;01.07.2014;0
Nova Mirim;01.07.2014;5
Anhanguera;01.07.2014;2
Quietude;01.07.2014;3
Santa Marina;01.07.2014;0
Tupiry;01.07.2014;1
Antártica;01.07.2014;5
Vila Sônia;01.07.2014;7
Glória;01.07.2014;4
Sítio do Campo;01.07.2014;8
Xixová;01.07.2014;13
Serra do Mar;01.07.2014;0
Não Informado;01.07.2014;0
Militar;01.07.2015;0
Canto do Forte;01.07.2015;7
Boqueirão;01.07.2015;21
Guilhermina;01.07.2015;13
Aviação;01.07.2015;13
Tupi;01.07.2015;12
Ocian;01.07.2015;11
Mirim;01.07.2015;7
Maracanã;01.07.2015;3
Caiçara;01.07.2015;7
Real ;01.07.2015;1
Flórida;01.07.2015;0
Solemar;01.07.2015;2
Cidade da Criança;01.07.2015;0
Princesa;01.07.2015;0
Imperador;01.07.2015;0
Melvi;01.07.2015;0
Samambaia;01.07.2015;4
Esmeralda;01.07.2015;0
Ribeirópolis;01.07.2015;4
Andaraguá;01.07.2015;0
Nova Mirim;01.07.2015;1
Anhanguera;01.07.2015;5
Quietude;01.07.2015;4
Santa Marina;01.07.2015;0
Tupiry;01.07.2015;1
Antártica;01.07.2015;8
Vila Sônia;01.07.2015;9
Glória;01.07.2015;4
Sítio do Campo;01.07.2015;10
Xixová;01.07.2015;14
Serra do Mar;01.07.2015;0
Não Informado;01.07.2015;0
Militar;01.07.2016;0
Canto do Forte;01.07.2016;8
Boqueirão;01.07.2016;30
Guilhermina;01.07.2016;10
Aviação;01.07.2016;6
Tupi;01.07.2016;8
Ocian;01.07.2016;7
Mirim;01.07.2016;7
Maracanã;01.07.2016;5
Caiçara;01.07.2016;6
Real ;01.07.2016;2
Flórida;01.07.2016;2
Solemar;01.07.2016;1
Cidade da Criança;01.07.2016;2
Princesa;01.07.2016;1
Imperador;01.07.2016;0
Melvi;01.07.2016;5
Samambaia;01.07.2016;4
Esmeralda;01.07.2016;5
Ribeirópolis;01.07.2016;4
Andaraguá;01.07.2016;0
Nova Mirim;01.07.2016;5
Anhanguera;01.07.2016;5
Quietude;01.07.2016;1
Santa Marina;01.07.2016;0
Tupiry;01.07.2016;3
Antártica;01.07.2016;7
Vila Sônia;01.07.2016;8
Glória;01.07.2016;0
Sítio do Campo;01.07.2016;14
Xixová;01.07.2016;6
Serra do Mar;01.07.2016;0
Não Informado;01.07.2016;0
Militar;01.07.2017;0
Canto do Forte;01.07.2017;4
Boqueirão;01.07.2017;18
Guilhermina;01.07.2017;13
Aviação;01.07.2017;11
Tupi;01.07.2017;11
Ocian;01.07.2017;12
Mirim;01.07.2017;3
Maracanã;01.07.2017;2
Caiçara;01.07.2017;5
Real ;01.07.2017;1
Flórida;01.07.2017;0
Solemar;01.07.2017;2
Cidade da Criança;01.07.2017;0
Princesa;01.07.2017;0
Imperador;01.07.2017;0
Melvi;01.07.2017;3
Samambaia;01.07.2017;3
Esmeralda;01.07.2017;2
Ribeirópolis;01.07.2017;2
Andaraguá;01.07.2017;0
Nova Mirim;01.07.2017;2
Anhanguera;01.07.2017;4
Quietude;01.07.2017;4
Santa Marina;01.07.2017;0
Tupiry;01.07.2017;4
Antártica;01.07.2017;3
Vila Sônia;01.07.2017;3
Glória;01.07.2017;1
Sítio do Campo;01.07.2017;10
Xixová;01.07.2017;2
Serra do Mar;01.07.2017;0
Não Informado;01.07.2017;0
Militar;01.07.2018;0
Canto do Forte;01.07.2018;5
Boqueirão;01.07.2018;7
Guilhermina;01.07.2018;6
Aviação;01.07.2018;8
Tupi;01.07.2018;9
Ocian;01.07.2018;7
Mirim;01.07.2018;6
Maracanã;01.07.2018;1
Caiçara;01.07.2018;1
Real ;01.07.2018;0
Flórida;01.07.2018;0
Solemar;01.07.2018;0
Cidade da Criança;01.07.2018;0
Princesa;01.07.2018;0
Imperador;01.07.2018;0
Melvi;01.07.2018;0
Samambaia;01.07.2018;1
Esmeralda;01.07.2018;0
Ribeirópolis;01.07.2018;0
Andaraguá;01.07.2018;0
Nova Mirim;01.07.2018;1
Anhanguera;01.07.2018;3
Quietude;01.07.2018;1
Santa Marina;01.07.2018;0
Tupiry;01.07.2018;2
Antártica;01.07.2018;3
Vila Sônia;01.07.2018;5
Glória;01.07.2018;2
Sítio do Campo;01.07.2018;8
Xixová;01.07.2018;3
Serra do Mar;01.07.2018;0
Não Informado;01.07.2018;0
Militar;01.07.2019;0
Canto do Forte;01.07.2019;8
Boqueirão;01.07.2019;15
Guilhermina;01.07.2019;14
Aviação;01.07.2019;3
Tupi;01.07.2019;6
Ocian;01.07.2019;8
Mirim;01.07.2019;7
Maracanã;01.07.2019;0
Caiçara;01.07.2019;4
Real ;01.07.2019;3
Flórida;01.07.2019;0
Solemar;01.07.2019;0
Cidade da Criança;01.07.2019;0
Princesa;01.07.2019;0
Imperador;01.07.2019;0
Melvi;01.07.2019;1
Samambaia;01.07.2019;3
Esmeralda;01.07.2019;4
Ribeirópolis;01.07.2019;8
Andaraguá;01.07.2019;0
Nova Mirim;01.07.2019;9
Anhanguera;01.07.2019;6
Quietude;01.07.2019;4
Santa Marina;01.07.2019;0
Tupiry;01.07.2019;0
Antártica;01.07.2019;9
Vila Sônia;01.07.2019;1
Glória;01.07.2019;4
Sítio do Campo;01.07.2019;8
Xixová;01.07.2019;9
Serra do Mar;01.07.2019;0
Não Informado;01.07.2019;3
Militar;01.07.2020;0
Canto do Forte;01.07.2020;3
Boqueirão;01.07.2020;7
Guilhermina;01.07.2020;5
Aviação;01.07.2020;4
Tupi;01.07.2020;2
Ocian;01.07.2020;1
Mirim;01.07.2020;4
Maracanã;01.07.2020;3
Caiçara;01.07.2020;4
Real ;01.07.2020;1
Flórida;01.07.2020;0
Solemar;01.07.2020;0
Cidade da Criança;01.07.2020;0
Princesa;01.07.2020;1
Imperador;01.07.2020;0
Melvi;01.07.2020;2
Samambaia;01.07.2020;2
Esmeralda;01.07.2020;3
Ribeirópolis;01.07.2020;7
Andaraguá;01.07.2020;0
Nova Mirim;01.07.2020;2
Anhanguera;01.07.2020;2
Quietude;01.07.2020;3
Santa Marina;01.07.2020;0
Tupiry;01.07.2020;2
Antártica;01.07.2020;3
Vila Sônia;01.07.2020;1
Glória;01.07.2020;3
Sítio do Campo;01.07.2020;3
Xixová;01.07.2020;2
Serra do Mar;01.07.2020;0
Não Informado;01.07.2020;0
Militar;01.07.2021;0
Canto do Forte;01.07.2021;3
Boqueirão;01.07.2021;10
Guilhermina;01.07.2021;3
Aviação;01.07.2021;4
Tupi;01.07.2021;8
Ocian;01.07.2021;2
Mirim;01.07.2021;6
Maracanã;01.07.2021;3
Caiçara;01.07.2021;4
Real ;01.07.2021;0
Flórida;01.07.2021;0
Solemar;01.07.2021;1
Cidade da Criança;01.07.2021;0
Princesa;01.07.2021;0
Imperador;01.07.2021;0
Melvi;01.07.2021;5
Samambaia;01.07.2021;7
Esmeralda;01.07.2021;0
Ribeirópolis;01.07.2021;2
Andaraguá;01.07.2021;0
Nova Mirim;01.07.2021;3
Anhanguera;01.07.2021;2
Quietude;01.07.2021;2
Santa Marina;01.07.2021;0
Tupiry;01.07.2021;1
Antártica;01.07.2021;5
Vila Sônia;01.07.2021;4
Glória;01.07.2021;2
Sítio do Campo;01.07.2021;9
Xixová;01.07.2021;3
Serra do Mar;01.07.2021;0
Não Informado;01.07.2021;3
Militar;01.08.2013;0
Canto do Forte;01.08.2013;6
Boqueirão;01.08.2013;26
Guilhermina;01.08.2013;12
Aviação;01.08.2013;6
Tupi;01.08.2013;9
Ocian;01.08.2013;8
Mirim;01.08.2013;2
Maracanã;01.08.2013;0
Caiçara;01.08.2013;0
Real ;01.08.2013;0
Flórida;01.08.2013;0
Solemar;01.08.2013;0
Cidade da Criança;01.08.2013;0
Princesa;01.08.2013;0
Imperador;01.08.2013;0
Melvi;01.08.2013;0
Samambaia;01.08.2013;0
Esmeralda;01.08.2013;0
Ribeirópolis;01.08.2013;0
Andaraguá;01.08.2013;0
Nova Mirim;01.08.2013;6
Anhanguera;01.08.2013;4
Quietude;01.08.2013;2
Santa Marina;01.08.2013;0
Tupiry;01.08.2013;0
Antártica;01.08.2013;3
Vila Sônia;01.08.2013;6
Glória;01.08.2013;5
Sítio do Campo;01.08.2013;10
Xixová;01.08.2013;11
Serra do Mar;01.08.2013;0
Não Informado;01.08.2013;0
Militar;01.08.2014;0
Canto do Forte;01.08.2014;9
Boqueirão;01.08.2014;30
Guilhermina;01.08.2014;15
Aviação;01.08.2014;12
Tupi;01.08.2014;4
Ocian;01.08.2014;7
Mirim;01.08.2014;6
Maracanã;01.08.2014;0
Caiçara;01.08.2014;0
Real ;01.08.2014;0
Flórida;01.08.2014;0
Solemar;01.08.2014;0
Cidade da Criança;01.08.2014;1
Princesa;01.08.2014;0
Imperador;01.08.2014;0
Melvi;01.08.2014;0
Samambaia;01.08.2014;0
Esmeralda;01.08.2014;0
Ribeirópolis;01.08.2014;0
Andaraguá;01.08.2014;0
Nova Mirim;01.08.2014;1
Anhanguera;01.08.2014;5
Quietude;01.08.2014;3
Santa Marina;01.08.2014;0
Tupiry;01.08.2014;4
Antártica;01.08.2014;4
Vila Sônia;01.08.2014;2
Glória;01.08.2014;1
Sítio do Campo;01.08.2014;12
Xixová;01.08.2014;12
Serra do Mar;01.08.2014;0
Não Informado;01.08.2014;0
Militar;01.08.2015;0
Canto do Forte;01.08.2015;6
Boqueirão;01.08.2015;35
Guilhermina;01.08.2015;12
Aviação;01.08.2015;12
Tupi;01.08.2015;18
Ocian;01.08.2015;15
Mirim;01.08.2015;8
Maracanã;01.08.2015;2
Caiçara;01.08.2015;10
Real ;01.08.2015;2
Flórida;01.08.2015;0
Solemar;01.08.2015;0
Cidade da Criança;01.08.2015;0
Princesa;01.08.2015;1
Imperador;01.08.2015;0
Melvi;01.08.2015;1
Samambaia;01.08.2015;4
Esmeralda;01.08.2015;3
Ribeirópolis;01.08.2015;4
Andaraguá;01.08.2015;0
Nova Mirim;01.08.2015;4
Anhanguera;01.08.2015;2
Quietude;01.08.2015;7
Santa Marina;01.08.2015;0
Tupiry;01.08.2015;2
Antártica;01.08.2015;4
Vila Sônia;01.08.2015;5
Glória;01.08.2015;4
Sítio do Campo;01.08.2015;6
Xixová;01.08.2015;26
Serra do Mar;01.08.2015;0
Não Informado;01.08.2015;0
Militar;01.08.2016;0
Canto do Forte;01.08.2016;6
Boqueirão;01.08.2016;16
Guilhermina;01.08.2016;6
Aviação;01.08.2016;9
Tupi;01.08.2016;9
Ocian;01.08.2016;13
Mirim;01.08.2016;6
Maracanã;01.08.2016;4
Caiçara;01.08.2016;10
Real ;01.08.2016;3
Flórida;01.08.2016;2
Solemar;01.08.2016;1
Cidade da Criança;01.08.2016;2
Princesa;01.08.2016;2
Imperador;01.08.2016;0
Melvi;01.08.2016;4
Samambaia;01.08.2016;5
Esmeralda;01.08.2016;4
Ribeirópolis;01.08.2016;4
Andaraguá;01.08.2016;1
Nova Mirim;01.08.2016;3
Anhanguera;01.08.2016;5
Quietude;01.08.2016;4
Santa Marina;01.08.2016;0
Tupiry;01.08.2016;5
Antártica;01.08.2016;4
Vila Sônia;01.08.2016;3
Glória;01.08.2016;1
Sítio do Campo;01.08.2016;10
Xixová;01.08.2016;3
Serra do Mar;01.08.2016;0
Não Informado;01.08.2016;0
Militar;01.08.2017;0
Canto do Forte;01.08.2017;6
Boqueirão;01.08.2017;20
Guilhermina;01.08.2017;15
Aviação;01.08.2017;8
Tupi;01.08.2017;10
Ocian;01.08.2017;13
Mirim;01.08.2017;13
Maracanã;01.08.2017;0
Caiçara;01.08.2017;9
Real ;01.08.2017;2
Flórida;01.08.2017;0
Solemar;01.08.2017;0
Cidade da Criança;01.08.2017;0
Princesa;01.08.2017;0
Imperador;01.08.2017;0
Melvi;01.08.2017;3
Samambaia;01.08.2017;4
Esmeralda;01.08.2017;7
Ribeirópolis;01.08.2017;2
Andaraguá;01.08.2017;0
Nova Mirim;01.08.2017;2
Anhanguera;01.08.2017;5
Quietude;01.08.2017;4
Santa Marina;01.08.2017;0
Tupiry;01.08.2017;0
Antártica;01.08.2017;11
Vila Sônia;01.08.2017;4
Glória;01.08.2017;0
Sítio do Campo;01.08.2017;10
Xixová;01.08.2017;3
Serra do Mar;01.08.2017;0
Não Informado;01.08.2017;0
Militar;01.08.2018;0
Canto do Forte;01.08.2018;2
Boqueirão;01.08.2018;6
Guilhermina;01.08.2018;7
Aviação;01.08.2018;6
Tupi;01.08.2018;6
Ocian;01.08.2018;7
Mirim;01.08.2018;7
Maracanã;01.08.2018;1
Caiçara;01.08.2018;1
Real ;01.08.2018;0
Flórida;01.08.2018;0
Solemar;01.08.2018;0
Cidade da Criança;01.08.2018;0
Princesa;01.08.2018;0
Imperador;01.08.2018;0
Melvi;01.08.2018;0
Samambaia;01.08.2018;1
Esmeralda;01.08.2018;1
Ribeirópolis;01.08.2018;0
Andaraguá;01.08.2018;0
Nova Mirim;01.08.2018;2
Anhanguera;01.08.2018;2
Quietude;01.08.2018;2
Santa Marina;01.08.2018;0
Tupiry;01.08.2018;3
Antártica;01.08.2018;4
Vila Sônia;01.08.2018;0
Glória;01.08.2018;4
Sítio do Campo;01.08.2018;4
Xixová;01.08.2018;1
Serra do Mar;01.08.2018;0
Não Informado;01.08.2018;0
Militar;01.08.2019;0
Canto do Forte;01.08.2019;1
Boqueirão;01.08.2019;11
Guilhermina;01.08.2019;14
Aviação;01.08.2019;7
Tupi;01.08.2019;10
Ocian;01.08.2019;12
Mirim;01.08.2019;7
Maracanã;01.08.2019;1
Caiçara;01.08.2019;5
Real ;01.08.2019;2
Flórida;01.08.2019;1
Solemar;01.08.2019;0
Cidade da Criança;01.08.2019;0
Princesa;01.08.2019;0
Imperador;01.08.2019;0
Melvi;01.08.2019;2
Samambaia;01.08.2019;4
Esmeralda;01.08.2019;4
Ribeirópolis;01.08.2019;1
Andaraguá;01.08.2019;0
Nova Mirim;01.08.2019;0
Anhanguera;01.08.2019;4
Quietude;01.08.2019;5
Santa Marina;01.08.2019;0
Tupiry;01.08.2019;0
Antártica;01.08.2019;6
Vila Sônia;01.08.2019;3
Glória;01.08.2019;2
Sítio do Campo;01.08.2019;6
Xixová;01.08.2019;4
Serra do Mar;01.08.2019;0
Não Informado;01.08.2019;0
Militar;01.08.2020;0
Canto do Forte;01.08.2020;4
Boqueirão;01.08.2020;6
Guilhermina;01.08.2020;4
Aviação;01.08.2020;4
Tupi;01.08.2020;4
Ocian;01.08.2020;3
Mirim;01.08.2020;5
Maracanã;01.08.2020;5
Caiçara;01.08.2020;2
Real ;01.08.2020;1
Flórida;01.08.2020;2
Solemar;01.08.2020;1
Cidade da Criança;01.08.2020;2
Princesa;01.08.2020;1
Imperador;01.08.2020;0
Melvi;01.08.2020;1
Samambaia;01.08.2020;7
Esmeralda;01.08.2020;3
Ribeirópolis;01.08.2020;4
Andaraguá;01.08.2020;0
Nova Mirim;01.08.2020;5
Anhanguera;01.08.2020;1
Quietude;01.08.2020;0
Santa Marina;01.08.2020;0
Tupiry;01.08.2020;0
Antártica;01.08.2020;0
Vila Sônia;01.08.2020;4
Glória;01.08.2020;2
Sítio do Campo;01.08.2020;8
Xixová;01.08.2020;1
Serra do Mar;01.08.2020;0
Não Informado;01.08.2020;2
Militar;01.08.2021;0
Canto do Forte;01.08.2021;2
Boqueirão;01.08.2021;5
Guilhermina;01.08.2021;4
Aviação;01.08.2021;2
Tupi;01.08.2021;4
Ocian;01.08.2021;5
Mirim;01.08.2021;4
Maracanã;01.08.2021;3
Caiçara;01.08.2021;4
Real ;01.08.2021;1
Flórida;01.08.2021;0
Solemar;01.08.2021;1
Cidade da Criança;01.08.2021;0
Princesa;01.08.2021;0
Imperador;01.08.2021;0
Melvi;01.08.2021;4
Samambaia;01.08.2021;1
Esmeralda;01.08.2021;1
Ribeirópolis;01.08.2021;2
Andaraguá;01.08.2021;0
Nova Mirim;01.08.2021;1
Anhanguera;01.08.2021;2
Quietude;01.08.2021;1
Santa Marina;01.08.2021;0
Tupiry;01.08.2021;1
Antártica;01.08.2021;2
Vila Sônia;01.08.2021;0
Glória;01.08.2021;2
Sítio do Campo;01.08.2021;4
Xixová;01.08.2021;4
Serra do Mar;01.08.2021;0
Não Informado;01.08.2021;0
Militar;01.09.2013;0
Canto do Forte;01.09.2013;6
Boqueirão;01.09.2013;38
Guilhermina;01.09.2013;19
Aviação;01.09.2013;4
Tupi;01.09.2013;7
Ocian;01.09.2013;5
Mirim;01.09.2013;3
Maracanã;01.09.2013;0
Caiçara;01.09.2013;0
Real ;01.09.2013;0
Flórida;01.09.2013;0
Solemar;01.09.2013;0
Cidade da Criança;01.09.2013;0
Princesa;01.09.2013;0
Imperador;01.09.2013;0
Melvi;01.09.2013;0
Samambaia;01.09.2013;0
Esmeralda;01.09.2013;0
Ribeirópolis;01.09.2013;0
Andaraguá;01.09.2013;0
Nova Mirim;01.09.2013;6
Anhanguera;01.09.2013;2
Quietude;01.09.2013;4
Santa Marina;01.09.2013;0
Tupiry;01.09.2013;2
Antártica;01.09.2013;3
Vila Sônia;01.09.2013;5
Glória;01.09.2013;5
Sítio do Campo;01.09.2013;10
Xixová;01.09.2013;10
Serra do Mar;01.09.2013;0
Não Informado;01.09.2013;0
Militar;01.09.2014;0
Canto do Forte;01.09.2014;9
Boqueirão;01.09.2014;39
Guilhermina;01.09.2014;17
Aviação;01.09.2014;6
Tupi;01.09.2014;11
Ocian;01.09.2014;4
Mirim;01.09.2014;4
Maracanã;01.09.2014;0
Caiçara;01.09.2014;0
Real ;01.09.2014;0
Flórida;01.09.2014;0
Solemar;01.09.2014;0
Cidade da Criança;01.09.2014;0
Princesa;01.09.2014;0
Imperador;01.09.2014;0
Melvi;01.09.2014;0
Samambaia;01.09.2014;0
Esmeralda;01.09.2014;1
Ribeirópolis;01.09.2014;0
Andaraguá;01.09.2014;0
Nova Mirim;01.09.2014;3
Anhanguera;01.09.2014;2
Quietude;01.09.2014;2
Santa Marina;01.09.2014;0
Tupiry;01.09.2014;0
Antártica;01.09.2014;4
Vila Sônia;01.09.2014;4
Glória;01.09.2014;2
Sítio do Campo;01.09.2014;15
Xixová;01.09.2014;21
Serra do Mar;01.09.2014;0
Não Informado;01.09.2014;0
Militar;01.09.2015;0
Canto do Forte;01.09.2015;6
Boqueirão;01.09.2015;23
Guilhermina;01.09.2015;18
Aviação;01.09.2015;11
Tupi;01.09.2015;18
Ocian;01.09.2015;14
Mirim;01.09.2015;9
Maracanã;01.09.2015;3
Caiçara;01.09.2015;7
Real ;01.09.2015;2
Flórida;01.09.2015;0
Solemar;01.09.2015;2
Cidade da Criança;01.09.2015;0
Princesa;01.09.2015;0
Imperador;01.09.2015;0
Melvi;01.09.2015;8
Samambaia;01.09.2015;5
Esmeralda;01.09.2015;2
Ribeirópolis;01.09.2015;3
Andaraguá;01.09.2015;0
Nova Mirim;01.09.2015;3
Anhanguera;01.09.2015;3
Quietude;01.09.2015;9
Santa Marina;01.09.2015;0
Tupiry;01.09.2015;6
Antártica;01.09.2015;6
Vila Sônia;01.09.2015;6
Glória;01.09.2015;8
Sítio do Campo;01.09.2015;14
Xixová;01.09.2015;17
Serra do Mar;01.09.2015;0
Não Informado;01.09.2015;0
Militar;01.09.2016;0
Canto do Forte;01.09.2016;6
Boqueirão;01.09.2016;17
Guilhermina;01.09.2016;16
Aviação;01.09.2016;8
Tupi;01.09.2016;12
Ocian;01.09.2016;16
Mirim;01.09.2016;6
Maracanã;01.09.2016;0
Caiçara;01.09.2016;12
Real ;01.09.2016;0
Flórida;01.09.2016;2
Solemar;01.09.2016;0
Cidade da Criança;01.09.2016;0
Princesa;01.09.2016;0
Imperador;01.09.2016;0
Melvi;01.09.2016;0
Samambaia;01.09.2016;9
Esmeralda;01.09.2016;4
Ribeirópolis;01.09.2016;5
Andaraguá;01.09.2016;0
Nova Mirim;01.09.2016;1
Anhanguera;01.09.2016;6
Quietude;01.09.2016;5
Santa Marina;01.09.2016;0
Tupiry;01.09.2016;2
Antártica;01.09.2016;5
Vila Sônia;01.09.2016;4
Glória;01.09.2016;1
Sítio do Campo;01.09.2016;12
Xixová;01.09.2016;4
Serra do Mar;01.09.2016;0
Não Informado;01.09.2016;0
Militar;01.09.2017;0
Canto do Forte;01.09.2017;11
Boqueirão;01.09.2017;20
Guilhermina;01.09.2017;18
Aviação;01.09.2017;5
Tupi;01.09.2017;14
Ocian;01.09.2017;10
Mirim;01.09.2017;5
Maracanã;01.09.2017;2
Caiçara;01.09.2017;8
Real ;01.09.2017;3
Flórida;01.09.2017;0
Solemar;01.09.2017;2
Cidade da Criança;01.09.2017;1
Princesa;01.09.2017;2
Imperador;01.09.2017;0
Melvi;01.09.2017;2
Samambaia;01.09.2017;5
Esmeralda;01.09.2017;5
Ribeirópolis;01.09.2017;3
Andaraguá;01.09.2017;0
Nova Mirim;01.09.2017;4
Anhanguera;01.09.2017;3
Quietude;01.09.2017;4
Santa Marina;01.09.2017;0
Tupiry;01.09.2017;1
Antártica;01.09.2017;2
Vila Sônia;01.09.2017;3
Glória;01.09.2017;1
Sítio do Campo;01.09.2017;5
Xixová;01.09.2017;5
Serra do Mar;01.09.2017;0
Não Informado;01.09.2017;0
Militar;01.09.2018;0
Canto do Forte;01.09.2018;1
Boqueirão;01.09.2018;11
Guilhermina;01.09.2018;5
Aviação;01.09.2018;8
Tupi;01.09.2018;12
Ocian;01.09.2018;12
Mirim;01.09.2018;9
Maracanã;01.09.2018;3
Caiçara;01.09.2018;2
Real ;01.09.2018;0
Flórida;01.09.2018;2
Solemar;01.09.2018;1
Cidade da Criança;01.09.2018;1
Princesa;01.09.2018;0
Imperador;01.09.2018;0
Melvi;01.09.2018;4
Samambaia;01.09.2018;2
Esmeralda;01.09.2018;4
Ribeirópolis;01.09.2018;5
Andaraguá;01.09.2018;0
Nova Mirim;01.09.2018;1
Anhanguera;01.09.2018;3
Quietude;01.09.2018;0
Santa Marina;01.09.2018;0
Tupiry;01.09.2018;0
Antártica;01.09.2018;6
Vila Sônia;01.09.2018;2
Glória;01.09.2018;2
Sítio do Campo;01.09.2018;11
Xixová;01.09.2018;1
Serra do Mar;01.09.2018;0
Não Informado;01.09.2018;0
Militar;01.09.2019;0
Canto do Forte;01.09.2019;7
Boqueirão;01.09.2019;13
Guilhermina;01.09.2019;13
Aviação;01.09.2019;7
Tupi;01.09.2019;6
Ocian;01.09.2019;6
Mirim;01.09.2019;2
Maracanã;01.09.2019;4
Caiçara;01.09.2019;2
Real ;01.09.2019;2
Flórida;01.09.2019;1
Solemar;01.09.2019;1
Cidade da Criança;01.09.2019;1
Princesa;01.09.2019;0
Imperador;01.09.2019;0
Melvi;01.09.2019;2
Samambaia;01.09.2019;3
Esmeralda;01.09.2019;3
Ribeirópolis;01.09.2019;6
Andaraguá;01.09.2019;0
Nova Mirim;01.09.2019;3
Anhanguera;01.09.2019;2
Quietude;01.09.2019;5
Santa Marina;01.09.2019;0
Tupiry;01.09.2019;1
Antártica;01.09.2019;1
Vila Sônia;01.09.2019;2
Glória;01.09.2019;2
Sítio do Campo;01.09.2019;9
Xixová;01.09.2019;8
Serra do Mar;01.09.2019;0
Não Informado;01.09.2019;3
Militar;01.09.2020;0
Canto do Forte;01.09.2020;7
Boqueirão;01.09.2020;10
Guilhermina;01.09.2020;3
Aviação;01.09.2020;3
Tupi;01.09.2020;3
Ocian;01.09.2020;5
Mirim;01.09.2020;7
Maracanã;01.09.2020;2
Caiçara;01.09.2020;4
Real ;01.09.2020;2
Flórida;01.09.2020;0
Solemar;01.09.2020;1
Cidade da Criança;01.09.2020;1
Princesa;01.09.2020;1
Imperador;01.09.2020;0
Melvi;01.09.2020;1
Samambaia;01.09.2020;3
Esmeralda;01.09.2020;2
Ribeirópolis;01.09.2020;1
Andaraguá;01.09.2020;0
Nova Mirim;01.09.2020;3
Anhanguera;01.09.2020;4
Quietude;01.09.2020;3
Santa Marina;01.09.2020;0
Tupiry;01.09.2020;0
Antártica;01.09.2020;4
Vila Sônia;01.09.2020;0
Glória;01.09.2020;2
Sítio do Campo;01.09.2020;3
Xixová;01.09.2020;3
Serra do Mar;01.09.2020;0
Não Informado;01.09.2020;0
Militar;01.09.2021;0
Canto do Forte;01.09.2021;1
Boqueirão;01.09.2021;8
Guilhermina;01.09.2021;6
Aviação;01.09.2021;3
Tupi;01.09.2021;5
Ocian;01.09.2021;4
Mirim;01.09.2021;3
Maracanã;01.09.2021;2
Caiçara;01.09.2021;1
Real ;01.09.2021;1
Flórida;01.09.2021;0
Solemar;01.09.2021;1
Cidade da Criança;01.09.2021;0
Princesa;01.09.2021;2
Imperador;01.09.2021;0
Melvi;01.09.2021;1
Samambaia;01.09.2021;2
Esmeralda;01.09.2021;1
Ribeirópolis;01.09.2021;3
Andaraguá;01.09.2021;0
Nova Mirim;01.09.2021;3
Anhanguera;01.09.2021;1
Quietude;01.09.2021;3
Santa Marina;01.09.2021;0
Tupiry;01.09.2021;6
Antártica;01.09.2021;0
Vila Sônia;01.09.2021;4
Glória;01.09.2021;0
Sítio do Campo;01.09.2021;7
Xixová;01.09.2021;4
Serra do Mar;01.09.2021;0
Não Informado;01.09.2021;0
Militar;01.10.2013;0
Canto do Forte;01.10.2013;6
Boqueirão;01.10.2013;50
Guilhermina;01.10.2013;22
Aviação;01.10.2013;10
Tupi;01.10.2013;12
Ocian;01.10.2013;10
Mirim;01.10.2013;4
Maracanã;01.10.2013;0
Caiçara;01.10.2013;0
Real ;01.10.2013;0
Flórida;01.10.2013;0
Solemar;01.10.2013;0
Cidade da Criança;01.10.2013;0
Princesa;01.10.2013;0
Imperador;01.10.2013;0
Melvi;01.10.2013;0
Samambaia;01.10.2013;1
Esmeralda;01.10.2013;0
Ribeirópolis;01.10.2013;1
Andaraguá;01.10.2013;0
Nova Mirim;01.10.2013;1
Anhanguera;01.10.2013;5
Quietude;01.10.2013;6
Santa Marina;01.10.2013;0
Tupiry;01.10.2013;6
Antártica;01.10.2013;11
Vila Sônia;01.10.2013;9
Glória;01.10.2013;4
Sítio do Campo;01.10.2013;3
Xixová;01.10.2013;12
Serra do Mar;01.10.2013;0
Não Informado;01.10.2013;0
Militar;01.10.2014;0
Canto do Forte;01.10.2014;8
Boqueirão;01.10.2014;28
Guilhermina;01.10.2014;14
Aviação;01.10.2014;8
Tupi;01.10.2014;13
Ocian;01.10.2014;9
Mirim;01.10.2014;7
Maracanã;01.10.2014;1
Caiçara;01.10.2014;0
Real ;01.10.2014;0
Flórida;01.10.2014;0
Solemar;01.10.2014;1
Cidade da Criança;01.10.2014;0
Princesa;01.10.2014;0
Imperador;01.10.2014;0
Melvi;01.10.2014;0
Samambaia;01.10.2014;1
Esmeralda;01.10.2014;0
Ribeirópolis;01.10.2014;1
Andaraguá;01.10.2014;0
Nova Mirim;01.10.2014;3
Anhanguera;01.10.2014;3
Quietude;01.10.2014;4
Santa Marina;01.10.2014;0
Tupiry;01.10.2014;0
Antártica;01.10.2014;3
Vila Sônia;01.10.2014;2
Glória;01.10.2014;6
Sítio do Campo;01.10.2014;10
Xixová;01.10.2014;22
Serra do Mar;01.10.2014;0
Não Informado;01.10.2014;0
Militar;01.10.2015;0
Canto do Forte;01.10.2015;8
Boqueirão;01.10.2015;22
Guilhermina;01.10.2015;11
Aviação;01.10.2015;5
Tupi;01.10.2015;12
Ocian;01.10.2015;9
Mirim;01.10.2015;10
Maracanã;01.10.2015;3
Caiçara;01.10.2015;5
Real ;01.10.2015;0
Flórida;01.10.2015;0
Solemar;01.10.2015;1
Cidade da Criança;01.10.2015;0
Princesa;01.10.2015;1
Imperador;01.10.2015;0
Melvi;01.10.2015;5
Samambaia;01.10.2015;7
Esmeralda;01.10.2015;0
Ribeirópolis;01.10.2015;4
Andaraguá;01.10.2015;0
Nova Mirim;01.10.2015;3
Anhanguera;01.10.2015;3
Quietude;01.10.2015;4
Santa Marina;01.10.2015;0
Tupiry;01.10.2015;3
Antártica;01.10.2015;4
Vila Sônia;01.10.2015;7
Glória;01.10.2015;6
Sítio do Campo;01.10.2015;5
Xixová;01.10.2015;14
Serra do Mar;01.10.2015;0
Não Informado;01.10.2015;0
Militar;01.10.2016;0
Canto do Forte;01.10.2016;8
Boqueirão;01.10.2016;20
Guilhermina;01.10.2016;14
Aviação;01.10.2016;11
Tupi;01.10.2016;11
Ocian;01.10.2016;10
Mirim;01.10.2016;7
Maracanã;01.10.2016;2
Caiçara;01.10.2016;7
Real ;01.10.2016;1
Flórida;01.10.2016;1
Solemar;01.10.2016;1
Cidade da Criança;01.10.2016;2
Princesa;01.10.2016;1
Imperador;01.10.2016;0
Melvi;01.10.2016;2
Samambaia;01.10.2016;5
Esmeralda;01.10.2016;4
Ribeirópolis;01.10.2016;0
Andaraguá;01.10.2016;0
Nova Mirim;01.10.2016;3
Anhanguera;01.10.2016;6
Quietude;01.10.2016;4
Santa Marina;01.10.2016;0
Tupiry;01.10.2016;3
Antártica;01.10.2016;4
Vila Sônia;01.10.2016;4
Glória;01.10.2016;2
Sítio do Campo;01.10.2016;18
Xixová;01.10.2016;1
Serra do Mar;01.10.2016;0
Não Informado;01.10.2016;0
Militar;01.10.2017;0
Canto do Forte;01.10.2017;4
Boqueirão;01.10.2017;21
Guilhermina;01.10.2017;25
Aviação;01.10.2017;6
Tupi;01.10.2017;14
Ocian;01.10.2017;9
Mirim;01.10.2017;8
Maracanã;01.10.2017;3
Caiçara;01.10.2017;9
Real ;01.10.2017;0
Flórida;01.10.2017;1
Solemar;01.10.2017;0
Cidade da Criança;01.10.2017;0
Princesa;01.10.2017;0
Imperador;01.10.2017;0
Melvi;01.10.2017;0
Samambaia;01.10.2017;5
Esmeralda;01.10.2017;3
Ribeirópolis;01.10.2017;1
Andaraguá;01.10.2017;0
Nova Mirim;01.10.2017;4
Anhanguera;01.10.2017;2
Quietude;01.10.2017;6
Santa Marina;01.10.2017;0
Tupiry;01.10.2017;4
Antártica;01.10.2017;2
Vila Sônia;01.10.2017;4
Glória;01.10.2017;2
Sítio do Campo;01.10.2017;10
Xixová;01.10.2017;2
Serra do Mar;01.10.2017;0
Não Informado;01.10.2017;0
Militar;01.10.2018;0
Canto do Forte;01.10.2018;5
Boqueirão;01.10.2018;8
Guilhermina;01.10.2018;11
Aviação;01.10.2018;8
Tupi;01.10.2018;9
Ocian;01.10.2018;7
Mirim;01.10.2018;7
Maracanã;01.10.2018;0
Caiçara;01.10.2018;4
Real ;01.10.2018;1
Flórida;01.10.2018;1
Solemar;01.10.2018;0
Cidade da Criança;01.10.2018;0
Princesa;01.10.2018;0
Imperador;01.10.2018;0
Melvi;01.10.2018;0
Samambaia;01.10.2018;4
Esmeralda;01.10.2018;2
Ribeirópolis;01.10.2018;1
Andaraguá;01.10.2018;0
Nova Mirim;01.10.2018;4
Anhanguera;01.10.2018;2
Quietude;01.10.2018;1
Santa Marina;01.10.2018;0
Tupiry;01.10.2018;1
Antártica;01.10.2018;0
Vila Sônia;01.10.2018;0
Glória;01.10.2018;0
Sítio do Campo;01.10.2018;5
Xixová;01.10.2018;3
Serra do Mar;01.10.2018;0
Não Informado;01.10.2018;1
Militar;01.10.2019;0
Canto do Forte;01.10.2019;6
Boqueirão;01.10.2019;18
Guilhermina;01.10.2019;14
Aviação;01.10.2019;3
Tupi;01.10.2019;5
Ocian;01.10.2019;2
Mirim;01.10.2019;6
Maracanã;01.10.2019;1
Caiçara;01.10.2019;4
Real ;01.10.2019;2
Flórida;01.10.2019;0
Solemar;01.10.2019;2
Cidade da Criança;01.10.2019;0
Princesa;01.10.2019;0
Imperador;01.10.2019;0
Melvi;01.10.2019;4
Samambaia;01.10.2019;4
Esmeralda;01.10.2019;3
Ribeirópolis;01.10.2019;3
Andaraguá;01.10.2019;0
Nova Mirim;01.10.2019;1
Anhanguera;01.10.2019;1
Quietude;01.10.2019;0
Santa Marina;01.10.2019;0
Tupiry;01.10.2019;1
Antártica;01.10.2019;1
Vila Sônia;01.10.2019;3
Glória;01.10.2019;2
Sítio do Campo;01.10.2019;6
Xixová;01.10.2019;8
Serra do Mar;01.10.2019;0
Não Informado;01.10.2019;0
Militar;01.10.2020;0
Canto do Forte;01.10.2020;8
Boqueirão;01.10.2020;9
Guilhermina;01.10.2020;7
Aviação;01.10.2020;2
Tupi;01.10.2020;5
Ocian;01.10.2020;6
Mirim;01.10.2020;2
Maracanã;01.10.2020;3
Caiçara;01.10.2020;8
Real ;01.10.2020;2
Flórida;01.10.2020;0
Solemar;01.10.2020;1
Cidade da Criança;01.10.2020;0
Princesa;01.10.2020;0
Imperador;01.10.2020;0
Melvi;01.10.2020;0
Samambaia;01.10.2020;5
Esmeralda;01.10.2020;1
Ribeirópolis;01.10.2020;4
Andaraguá;01.10.2020;1
Nova Mirim;01.10.2020;1
Anhanguera;01.10.2020;1
Quietude;01.10.2020;1
Santa Marina;01.10.2020;0
Tupiry;01.10.2020;0
Antártica;01.10.2020;8
Vila Sônia;01.10.2020;2
Glória;01.10.2020;1
Sítio do Campo;01.10.2020;6
Xixová;01.10.2020;1
Serra do Mar;01.10.2020;0
Não Informado;01.10.2020;2
Militar;01.10.2021;0
Canto do Forte;01.10.2021;3
Boqueirão;01.10.2021;11
Guilhermina;01.10.2021;11
Aviação;01.10.2021;3
Tupi;01.10.2021;8
Ocian;01.10.2021;4
Mirim;01.10.2021;3
Maracanã;01.10.2021;1
Caiçara;01.10.2021;4
Real ;01.10.2021;2
Flórida;01.10.2021;0
Solemar;01.10.2021;0
Cidade da Criança;01.10.2021;0
Princesa;01.10.2021;0
Imperador;01.10.2021;0
Melvi;01.10.2021;0
Samambaia;01.10.2021;6
Esmeralda;01.10.2021;1
Ribeirópolis;01.10.2021;1
Andaraguá;01.10.2021;0
Nova Mirim;01.10.2021;0
Anhanguera;01.10.2021;1
Quietude;01.10.2021;2
Santa Marina;01.10.2021;0
Tupiry;01.10.2021;0
Antártica;01.10.2021;2
Vila Sônia;01.10.2021;3
Glória;01.10.2021;1
Sítio do Campo;01.10.2021;12
Xixová;01.10.2021;4
Serra do Mar;01.10.2021;0
Não Informado;01.10.2021;1
Militar;01.11.2013;0
Canto do Forte;01.11.2013;6
Boqueirão;01.11.2013;27
Guilhermina;01.11.2013;20
Aviação;01.11.2013;9
Tupi;01.11.2013;10
Ocian;01.11.2013;6
Mirim;01.11.2013;3
Maracanã;01.11.2013;0
Caiçara;01.11.2013;0
Real ;01.11.2013;0
Flórida;01.11.2013;0
Solemar;01.11.2013;0
Cidade da Criança;01.11.2013;0
Princesa;01.11.2013;0
Imperador;01.11.2013;0
Melvi;01.11.2013;0
Samambaia;01.11.2013;0
Esmeralda;01.11.2013;0
Ribeirópolis;01.11.2013;0
Andaraguá;01.11.2013;0
Nova Mirim;01.11.2013;2
Anhanguera;01.11.2013;2
Quietude;01.11.2013;4
Santa Marina;01.11.2013;0
Tupiry;01.11.2013;0
Antártica;01.11.2013;5
Vila Sônia;01.11.2013;9
Glória;01.11.2013;5
Sítio do Campo;01.11.2013;8
Xixová;01.11.2013;7
Serra do Mar;01.11.2013;0
Não Informado;01.11.2013;0
Militar;01.11.2014;0
Canto do Forte;01.11.2014;8
Boqueirão;01.11.2014;11
Guilhermina;01.11.2014;20
Aviação;01.11.2014;6
Tupi;01.11.2014;5
Ocian;01.11.2014;3
Mirim;01.11.2014;2
Maracanã;01.11.2014;2
Caiçara;01.11.2014;1
Real ;01.11.2014;0
Flórida;01.11.2014;0
Solemar;01.11.2014;0
Cidade da Criança;01.11.2014;0
Princesa;01.11.2014;0
Imperador;01.11.2014;0
Melvi;01.11.2014;1
Samambaia;01.11.2014;1
Esmeralda;01.11.2014;0
Ribeirópolis;01.11.2014;1
Andaraguá;01.11.2014;0
Nova Mirim;01.11.2014;4
Anhanguera;01.11.2014;4
Quietude;01.11.2014;3
Santa Marina;01.11.2014;0
Tupiry;01.11.2014;1
Antártica;01.11.2014;3
Vila Sônia;01.11.2014;2
Glória;01.11.2014;1
Sítio do Campo;01.11.2014;10
Xixová;01.11.2014;17
Serra do Mar;01.11.2014;0
Não Informado;01.11.2014;0
Militar;01.11.2015;0
Canto do Forte;01.11.2015;8
Boqueirão;01.11.2015;19
Guilhermina;01.11.2015;18
Aviação;01.11.2015;5
Tupi;01.11.2015;12
Ocian;01.11.2015;4
Mirim;01.11.2015;10
Maracanã;01.11.2015;2
Caiçara;01.11.2015;11
Real ;01.11.2015;1
Flórida;01.11.2015;0
Solemar;01.11.2015;2
Cidade da Criança;01.11.2015;0
Princesa;01.11.2015;0
Imperador;01.11.2015;0
Melvi;01.11.2015;6
Samambaia;01.11.2015;11
Esmeralda;01.11.2015;0
Ribeirópolis;01.11.2015;0
Andaraguá;01.11.2015;0
Nova Mirim;01.11.2015;2
Anhanguera;01.11.2015;6
Quietude;01.11.2015;5
Santa Marina;01.11.2015;0
Tupiry;01.11.2015;3
Antártica;01.11.2015;5
Vila Sônia;01.11.2015;2
Glória;01.11.2015;5
Sítio do Campo;01.11.2015;7
Xixová;01.11.2015;24
Serra do Mar;01.11.2015;0
Não Informado;01.11.2015;0
Militar;01.11.2016;0
Canto do Forte;01.11.2016;6
Boqueirão;01.11.2016;17
Guilhermina;01.11.2016;21
Aviação;01.11.2016;5
Tupi;01.11.2016;9
Ocian;01.11.2016;11
Mirim;01.11.2016;8
Maracanã;01.11.2016;6
Caiçara;01.11.2016;8
Real ;01.11.2016;3
Flórida;01.11.2016;0
Solemar;01.11.2016;1
Cidade da Criança;01.11.2016;1
Princesa;01.11.2016;0
Imperador;01.11.2016;0
Melvi;01.11.2016;2
Samambaia;01.11.2016;5
Esmeralda;01.11.2016;2
Ribeirópolis;01.11.2016;1
Andaraguá;01.11.2016;0
Nova Mirim;01.11.2016;4
Anhanguera;01.11.2016;5
Quietude;01.11.2016;5
Santa Marina;01.11.2016;0
Tupiry;01.11.2016;2
Antártica;01.11.2016;2
Vila Sônia;01.11.2016;2
Glória;01.11.2016;4
Sítio do Campo;01.11.2016;12
Xixová;01.11.2016;7
Serra do Mar;01.11.2016;0
Não Informado;01.11.2016;0
Militar;01.11.2017;0
Canto do Forte;01.11.2017;4
Boqueirão;01.11.2017;22
Guilhermina;01.11.2017;19
Aviação;01.11.2017;10
Tupi;01.11.2017;5
Ocian;01.11.2017;19
Mirim;01.11.2017;5
Maracanã;01.11.2017;2
Caiçara;01.11.2017;7
Real ;01.11.2017;0
Flórida;01.11.2017;1
Solemar;01.11.2017;0
Cidade da Criança;01.11.2017;1
Princesa;01.11.2017;1
Imperador;01.11.2017;0
Melvi;01.11.2017;3
Samambaia;01.11.2017;6
Esmeralda;01.11.2017;5
Ribeirópolis;01.11.2017;4
Andaraguá;01.11.2017;0
Nova Mirim;01.11.2017;3
Anhanguera;01.11.2017;10
Quietude;01.11.2017;3
Santa Marina;01.11.2017;0
Tupiry;01.11.2017;2
Antártica;01.11.2017;4
Vila Sônia;01.11.2017;1
Glória;01.11.2017;7
Sítio do Campo;01.11.2017;5
Xixová;01.11.2017;7
Serra do Mar;01.11.2017;0
Não Informado;01.11.2017;0
Militar;01.11.2018;0
Canto do Forte;01.11.2018;3
Boqueirão;01.11.2018;6
Guilhermina;01.11.2018;2
Aviação;01.11.2018;2
Tupi;01.11.2018;4
Ocian;01.11.2018;2
Mirim;01.11.2018;1
Maracanã;01.11.2018;0
Caiçara;01.11.2018;1
Real ;01.11.2018;0
Flórida;01.11.2018;0
Solemar;01.11.2018;0
Cidade da Criança;01.11.2018;0
Princesa;01.11.2018;0
Imperador;01.11.2018;0
Melvi;01.11.2018;0
Samambaia;01.11.2018;0
Esmeralda;01.11.2018;0
Ribeirópolis;01.11.2018;2
Andaraguá;01.11.2018;0
Nova Mirim;01.11.2018;1
Anhanguera;01.11.2018;0
Quietude;01.11.2018;1
Santa Marina;01.11.2018;0
Tupiry;01.11.2018;2
Antártica;01.11.2018;2
Vila Sônia;01.11.2018;0
Glória;01.11.2018;1
Sítio do Campo;01.11.2018;1
Xixová;01.11.2018;0
Serra do Mar;01.11.2018;0
Não Informado;01.11.2018;1
Militar;01.11.2019;0
Canto do Forte;01.11.2019;3
Boqueirão;01.11.2019;12
Guilhermina;01.11.2019;7
Aviação;01.11.2019;4
Tupi;01.11.2019;6
Ocian;01.11.2019;4
Mirim;01.11.2019;4
Maracanã;01.11.2019;4
Caiçara;01.11.2019;1
Real ;01.11.2019;0
Flórida;01.11.2019;1
Solemar;01.11.2019;1
Cidade da Criança;01.11.2019;1
Princesa;01.11.2019;0
Imperador;01.11.2019;0
Melvi;01.11.2019;2
Samambaia;01.11.2019;2
Esmeralda;01.11.2019;0
Ribeirópolis;01.11.2019;3
Andaraguá;01.11.2019;0
Nova Mirim;01.11.2019;1
Anhanguera;01.11.2019;2
Quietude;01.11.2019;0
Santa Marina;01.11.2019;0
Tupiry;01.11.2019;0
Antártica;01.11.2019;2
Vila Sônia;01.11.2019;1
Glória;01.11.2019;2
Sítio do Campo;01.11.2019;5
Xixová;01.11.2019;6
Serra do Mar;01.11.2019;0
Não Informado;01.11.2019;4
Militar;01.11.2020;0
Canto do Forte;01.11.2020;4
Boqueirão;01.11.2020;5
Guilhermina;01.11.2020;3
Aviação;01.11.2020;2
Tupi;01.11.2020;6
Ocian;01.11.2020;6
Mirim;01.11.2020;6
Maracanã;01.11.2020;6
Caiçara;01.11.2020;2
Real ;01.11.2020;0
Flórida;01.11.2020;0
Solemar;01.11.2020;1
Cidade da Criança;01.11.2020;1
Princesa;01.11.2020;0
Imperador;01.11.2020;0
Melvi;01.11.2020;1
Samambaia;01.11.2020;7
Esmeralda;01.11.2020;5
Ribeirópolis;01.11.2020;3
Andaraguá;01.11.2020;0
Nova Mirim;01.11.2020;0
Anhanguera;01.11.2020;4
Quietude;01.11.2020;2
Santa Marina;01.11.2020;0
Tupiry;01.11.2020;2
Antártica;01.11.2020;4
Vila Sônia;01.11.2020;0
Glória;01.11.2020;8
Sítio do Campo;01.11.2020;6
Xixová;01.11.2020;6
Serra do Mar;01.11.2020;0
Não Informado;01.11.2020;1
Militar;01.11.2021;0
Canto do Forte;01.11.2021;2
Boqueirão;01.11.2021;10
Guilhermina;01.11.2021;7
Aviação;01.11.2021;7
Tupi;01.11.2021;6
Ocian;01.11.2021;9
Mirim;01.11.2021;14
Maracanã;01.11.2021;1
Caiçara;01.11.2021;4
Real ;01.11.2021;1
Flórida;01.11.2021;0
Solemar;01.11.2021;1
Cidade da Criança;01.11.2021;1
Princesa;01.11.2021;0
Imperador;01.11.2021;0
Melvi;01.11.2021;0
Samambaia;01.11.2021;2
Esmeralda;01.11.2021;3
Ribeirópolis;01.11.2021;1
Andaraguá;01.11.2021;0
Nova Mirim;01.11.2021;0
Anhanguera;01.11.2021;0
Quietude;01.11.2021;1
Santa Marina;01.11.2021;0
Tupiry;01.11.2021;0
Antártica;01.11.2021;5
Vila Sônia;01.11.2021;2
Glória;01.11.2021;1
Sítio do Campo;01.11.2021;7
Xixová;01.11.2021;4
Serra do Mar;01.11.2021;0
Não Informado;01.11.2021;2
Militar;01.12.2013;0
Canto do Forte;01.12.2013;8
Boqueirão;01.12.2013;30
Guilhermina;01.12.2013;24
Aviação;01.12.2013;15
Tupi;01.12.2013;17
Ocian;01.12.2013;6
Mirim;01.12.2013;11
Maracanã;01.12.2013;0
Caiçara;01.12.2013;1
Real ;01.12.2013;0
Flórida;01.12.2013;0
Solemar;01.12.2013;0
Cidade da Criança;01.12.2013;0
Princesa;01.12.2013;0
Imperador;01.12.2013;0
Melvi;01.12.2013;0
Samambaia;01.12.2013;0
Esmeralda;01.12.2013;0
Ribeirópolis;01.12.2013;0
Andaraguá;01.12.2013;0
Nova Mirim;01.12.2013;4
Anhanguera;01.12.2013;5
Quietude;01.12.2013;4
Santa Marina;01.12.2013;0
Tupiry;01.12.2013;1
Antártica;01.12.2013;9
Vila Sônia;01.12.2013;4
Glória;01.12.2013;4
Sítio do Campo;01.12.2013;11
Xixová;01.12.2013;13
Serra do Mar;01.12.2013;0
Não Informado;01.12.2013;0
Militar;01.12.2014;0
Canto do Forte;01.12.2014;5
Boqueirão;01.12.2014;16
Guilhermina;01.12.2014;24
Aviação;01.12.2014;13
Tupi;01.12.2014;6
Ocian;01.12.2014;4
Mirim;01.12.2014;6
Maracanã;01.12.2014;0
Caiçara;01.12.2014;1
Real ;01.12.2014;0
Flórida;01.12.2014;0
Solemar;01.12.2014;1
Cidade da Criança;01.12.2014;0
Princesa;01.12.2014;0
Imperador;01.12.2014;0
Melvi;01.12.2014;0
Samambaia;01.12.2014;1
Esmeralda;01.12.2014;0
Ribeirópolis;01.12.2014;0
Andaraguá;01.12.2014;0
Nova Mirim;01.12.2014;3
Anhanguera;01.12.2014;3
Quietude;01.12.2014;5
Santa Marina;01.12.2014;0
Tupiry;01.12.2014;4
Antártica;01.12.2014;4
Vila Sônia;01.12.2014;2
Glória;01.12.2014;3
Sítio do Campo;01.12.2014;15
Xixová;01.12.2014;15
Serra do Mar;01.12.2014;0
Não Informado;01.12.2014;0
Militar;01.12.2015;0
Canto do Forte;01.12.2015;5
Boqueirão;01.12.2015;20
Guilhermina;01.12.2015;23
Aviação;01.12.2015;13
Tupi;01.12.2015;16
Ocian;01.12.2015;15
Mirim;01.12.2015;11
Maracanã;01.12.2015;3
Caiçara;01.12.2015;7
Real ;01.12.2015;5
Flórida;01.12.2015;0
Solemar;01.12.2015;1
Cidade da Criança;01.12.2015;0
Princesa;01.12.2015;0
Imperador;01.12.2015;0
Melvi;01.12.2015;4
Samambaia;01.12.2015;3
Esmeralda;01.12.2015;4
Ribeirópolis;01.12.2015;2
Andaraguá;01.12.2015;0
Nova Mirim;01.12.2015;1
Anhanguera;01.12.2015;4
Quietude;01.12.2015;4
Santa Marina;01.12.2015;0
Tupiry;01.12.2015;1
Antártica;01.12.2015;7
Vila Sônia;01.12.2015;5
Glória;01.12.2015;3
Sítio do Campo;01.12.2015;8
Xixová;01.12.2015;24
Serra do Mar;01.12.2015;0
Não Informado;01.12.2015;0
Militar;01.12.2016;0
Canto do Forte;01.12.2016;9
Boqueirão;01.12.2016;33
Guilhermina;01.12.2016;13
Aviação;01.12.2016;12
Tupi;01.12.2016;13
Ocian;01.12.2016;13
Mirim;01.12.2016;10
Maracanã;01.12.2016;4
Caiçara;01.12.2016;11
Real ;01.12.2016;6
Flórida;01.12.2016;1
Solemar;01.12.2016;3
Cidade da Criança;01.12.2016;2
Princesa;01.12.2016;1
Imperador;01.12.2016;0
Melvi;01.12.2016;2
Samambaia;01.12.2016;8
Esmeralda;01.12.2016;1
Ribeirópolis;01.12.2016;3
Andaraguá;01.12.2016;0
Nova Mirim;01.12.2016;2
Anhanguera;01.12.2016;6
Quietude;01.12.2016;3
Santa Marina;01.12.2016;0
Tupiry;01.12.2016;7
Antártica;01.12.2016;5
Vila Sônia;01.12.2016;7
Glória;01.12.2016;1
Sítio do Campo;01.12.2016;8
Xixová;01.12.2016;6
Serra do Mar;01.12.2016;0
Não Informado;01.12.2016;0
Militar;01.12.2017;0
Canto do Forte;01.12.2017;1
Boqueirão;01.12.2017;19
Guilhermina;01.12.2017;19
Aviação;01.12.2017;13
Tupi;01.12.2017;12
Ocian;01.12.2017;12
Mirim;01.12.2017;11
Maracanã;01.12.2017;3
Caiçara;01.12.2017;10
Real ;01.12.2017;4
Flórida;01.12.2017;1
Solemar;01.12.2017;2
Cidade da Criança;01.12.2017;0
Princesa;01.12.2017;0
Imperador;01.12.2017;0
Melvi;01.12.2017;5
Samambaia;01.12.2017;7
Esmeralda;01.12.2017;3
Ribeirópolis;01.12.2017;3
Andaraguá;01.12.2017;0
Nova Mirim;01.12.2017;4
Anhanguera;01.12.2017;6
Quietude;01.12.2017;4
Santa Marina;01.12.2017;0
Tupiry;01.12.2017;2
Antártica;01.12.2017;0
Vila Sônia;01.12.2017;3
Glória;01.12.2017;8
Sítio do Campo;01.12.2017;9
Xixová;01.12.2017;4
Serra do Mar;01.12.2017;0
Não Informado;01.12.2017;0
Militar;01.12.2018;0
Canto do Forte;01.12.2018;2
Boqueirão;01.12.2018;9
Guilhermina;01.12.2018;12
Aviação;01.12.2018;9
Tupi;01.12.2018;11
Ocian;01.12.2018;7
Mirim;01.12.2018;5
Maracanã;01.12.2018;2
Caiçara;01.12.2018;7
Real ;01.12.2018;2
Flórida;01.12.2018;3
Solemar;01.12.2018;4
Cidade da Criança;01.12.2018;1
Princesa;01.12.2018;0
Imperador;01.12.2018;0
Melvi;01.12.2018;3
Samambaia;01.12.2018;3
Esmeralda;01.12.2018;5
Ribeirópolis;01.12.2018;2
Andaraguá;01.12.2018;1
Nova Mirim;01.12.2018;5
Anhanguera;01.12.2018;5
Quietude;01.12.2018;2
Santa Marina;01.12.2018;0
Tupiry;01.12.2018;4
Antártica;01.12.2018;2
Vila Sônia;01.12.2018;1
Glória;01.12.2018;2
Sítio do Campo;01.12.2018;6
Xixová;01.12.2018;3
Serra do Mar;01.12.2018;0
Não Informado;01.12.2018;1
Militar;01.12.2019;0
Canto do Forte;01.12.2019;4
Boqueirão;01.12.2019;8
Guilhermina;01.12.2019;3
Aviação;01.12.2019;5
Tupi;01.12.2019;2
Ocian;01.12.2019;1
Mirim;01.12.2019;6
Maracanã;01.12.2019;4
Caiçara;01.12.2019;1
Real ;01.12.2019;2
Flórida;01.12.2019;0
Solemar;01.12.2019;1
Cidade da Criança;01.12.2019;0
Princesa;01.12.2019;0
Imperador;01.12.2019;0
Melvi;01.12.2019;2
Samambaia;01.12.2019;3
Esmeralda;01.12.2019;1
Ribeirópolis;01.12.2019;3
Andaraguá;01.12.2019;0
Nova Mirim;01.12.2019;0
Anhanguera;01.12.2019;2
Quietude;01.12.2019;0
Santa Marina;01.12.2019;0
Tupiry;01.12.2019;0
Antártica;01.12.2019;3
Vila Sônia;01.12.2019;3
Glória;01.12.2019;2
Sítio do Campo;01.12.2019;8
Xixová;01.12.2019;7
Serra do Mar;01.12.2019;0
Não Informado;01.12.2019;0
Militar;01.12.2020;0
Canto do Forte;01.12.2020;5
Boqueirão;01.12.2020;9
Guilhermina;01.12.2020;5
Aviação;01.12.2020;4
Tupi;01.12.2020;7
Ocian;01.12.2020;4
Mirim;01.12.2020;9
Maracanã;01.12.2020;3
Caiçara;01.12.2020;6
Real ;01.12.2020;1
Flórida;01.12.2020;0
Solemar;01.12.2020;1
Cidade da Criança;01.12.2020;0
Princesa;01.12.2020;0
Imperador;01.12.2020;0
Melvi;01.12.2020;3
Samambaia;01.12.2020;10
Esmeralda;01.12.2020;0
Ribeirópolis;01.12.2020;4
Andaraguá;01.12.2020;0
Nova Mirim;01.12.2020;2
Anhanguera;01.12.2020;3
Quietude;01.12.2020;4
Santa Marina;01.12.2020;0
Tupiry;01.12.2020;1
Antártica;01.12.2020;3
Vila Sônia;01.12.2020;0
Glória;01.12.2020;4
Sítio do Campo;01.12.2020;10
Xixová;01.12.2020;6
Serra do Mar;01.12.2020;0
Não Informado;01.12.2020;6
Militar;01.12.2021;0
Canto do Forte;01.12.2021;2
Boqueirão;01.12.2021;6
Guilhermina;01.12.2021;11
Aviação;01.12.2021;10
Tupi;01.12.2021;8
Ocian;01.12.2021;3
Mirim;01.12.2021;6
Maracanã;01.12.2021;1
Caiçara;01.12.2021;6
Real ;01.12.2021;1
Flórida;01.12.2021;0
Solemar;01.12.2021;0
Cidade da Criança;01.12.2021;2
Princesa;01.12.2021;0
Imperador;01.12.2021;0
Melvi;01.12.2021;3
Samambaia;01.12.2021;5
Esmeralda;01.12.2021;5
Ribeirópolis;01.12.2021;1
Andaraguá;01.12.2021;0
Nova Mirim;01.12.2021;3
Anhanguera;01.12.2021;4
Quietude;01.12.2021;1
Santa Marina;01.12.2021;0
Tupiry;01.12.2021;1
Antártica;01.12.2021;2
Vila Sônia;01.12.2021;4
Glória;01.12.2021;1
Sítio do Campo;01.12.2021;12
Xixová;01.12.2021;7
Serra do Mar;01.12.2021;0
Não Informado;01.12.2021;1
Militar;01.01.2022;0
Canto do Forte;01.01.2022;1
Boqueirão;01.01.2022;7
Guilhermina;01.01.2022;10
Aviação;01.01.2022;4
Tupi;01.01.2022;6
Ocian;01.01.2022;4
Mirim;01.01.2022;5
Maracanã;01.01.2022;2
Caiçara;01.01.2022;6
Real ;01.01.2022;1
Flórida;01.01.2022;0
Solemar;01.01.2022;0
Cidade da Criança;01.01.2022;1
Princesa;01.01.2022;2
Imperador;01.01.2022;4
Melvi;01.01.2022;2
Samambaia;01.01.2022;2
Esmeralda;01.01.2022;3
Ribeirópolis;01.01.2022;2
Andaraguá;01.01.2022;1
Nova Mirim;01.01.2022;8
Anhanguera;01.01.2022;1
Quietude;01.01.2022;0
Santa Marina;01.01.2022;0
Tupiry;01.01.2022;1
Antártica;01.01.2022;3
Vila Sônia;01.01.2022;0
Glória;01.01.2022;0
Sítio do Campo;01.01.2022;9
Xixová;01.01.2022;0
Serra do Mar;01.01.2022;0
Não Informado;01.01.2022;2
Militar;01.02.2022;0
Canto do Forte;01.02.2022;7
Boqueirão;01.02.2022;4
Guilhermina;01.02.2022;4
Aviação;01.02.2022;3
Tupi;01.02.2022;5
Ocian;01.02.2022;4
Mirim;01.02.2022;6
Maracanã;01.02.2022;4
Caiçara;01.02.2022;3
Real ;01.02.2022;1
Flórida;01.02.2022;0
Solemar;01.02.2022;0
Cidade da Criança;01.02.2022;3
Princesa;01.02.2022;1
Imperador;01.02.2022;1
Melvi;01.02.2022;2
Samambaia;01.02.2022;3
Esmeralda;01.02.2022;1
Ribeirópolis;01.02.2022;5
Andaraguá;01.02.2022;1
Nova Mirim;01.02.2022;7
Anhanguera;01.02.2022;3
Quietude;01.02.2022;1
Santa Marina;01.02.2022;0
Tupiry;01.02.2022;1
Antártica;01.02.2022;4
Vila Sônia;01.02.2022;4
Glória;01.02.2022;3
Sítio do Campo;01.02.2022;13
Xixová;01.02.2022;0
Serra do Mar;01.02.2022;0
Não Informado;01.02.2022;1
Militar;01.03.2022;0
Canto do Forte;01.03.2022;3
Boqueirão;01.03.2022;14
Guilhermina;01.03.2022;9
Aviação;01.03.2022;9
Tupi;01.03.2022;5
Ocian;01.03.2022;6
Mirim;01.03.2022;2
Maracanã;01.03.2022;2
Caiçara;01.03.2022;2
Real ;01.03.2022;2
Flórida;01.03.2022;2
Solemar;01.03.2022;1
Cidade da Criança;01.03.2022;1
Princesa;01.03.2022;3
Imperador;01.03.2022;3
Melvi;01.03.2022;1
Samambaia;01.03.2022;0
Esmeralda;01.03.2022;8
Ribeirópolis;01.03.2022;6
Andaraguá;01.03.2022;1
Nova Mirim;01.03.2022;9
Anhanguera;01.03.2022;1
Quietude;01.03.2022;2
Santa Marina;01.03.2022;0
Tupiry;01.03.2022;1
Antártica;01.03.2022;6
Vila Sônia;01.03.2022;4
Glória;01.03.2022;3
Sítio do Campo;01.03.2022;17
Xixová;01.03.2022;0
Serra do Mar;01.03.2022;0
Não Informado;01.03.2022;0
Militar;01.04.2022;0
Canto do Forte;01.04.2022;4
Boqueirão;01.04.2022;5
Guilhermina;01.04.2022;13
Aviação;01.04.2022;6
Tupi;01.04.2022;4
Ocian;01.04.2022;6
Mirim;01.04.2022;1
Maracanã;01.04.2022;2
Caiçara;01.04.2022;6
Real ;01.04.2022;2
Flórida;01.04.2022;0
Solemar;01.04.2022;0
Cidade da Criança;01.04.2022;1
Princesa;01.04.2022;0
Imperador;01.04.2022;1
Melvi;01.04.2022;2
Samambaia;01.04.2022;1
Esmeralda;01.04.2022;4
Ribeirópolis;01.04.2022;5
Andaraguá;01.04.2022;0
Nova Mirim;01.04.2022;16
Anhanguera;01.04.2022;4
Quietude;01.04.2022;1
Santa Marina;01.04.2022;0
Tupiry;01.04.2022;3
Antártica;01.04.2022;7
Vila Sônia;01.04.2022;1
Glória;01.04.2022;0
Sítio do Campo;01.04.2022;9
Xixová;01.04.2022;0
Serra do Mar;01.04.2022;0
Não Informado;01.04.2022;0
Militar;01.05.2022;0
Canto do Forte;01.05.2022;3
Boqueirão;01.05.2022;8
Guilhermina;01.05.2022;8
Aviação;01.05.2022;7
Tupi;01.05.2022;7
Ocian;01.05.2022;4
Mirim;01.05.2022;3
Maracanã;01.05.2022;3
Caiçara;01.05.2022;4
Real ;01.05.2022;1
Flórida;01.05.2022;1
Solemar;01.05.2022;0
Cidade da Criança;01.05.2022;3
Princesa;01.05.2022;2
Imperador;01.05.2022;0
Melvi;01.05.2022;1
Samambaia;01.05.2022;3
Esmeralda;01.05.2022;3
Ribeirópolis;01.05.2022;4
Andaraguá;01.05.2022;2
Nova Mirim;01.05.2022;8
Anhanguera;01.05.2022;1
Quietude;01.05.2022;0
Santa Marina;01.05.2022;0
Tupiry;01.05.2022;2
Antártica;01.05.2022;5
Vila Sônia;01.05.2022;3
Glória;01.05.2022;4
Sítio do Campo;01.05.2022;18
Xixová;01.05.2022;0
Serra do Mar;01.05.2022;0
Não Informado;01.05.2022;0
Militar;01.06.2022;0
Canto do Forte;01.06.2022;2
Boqueirão;01.06.2022;8
Guilhermina;01.06.2022;5
Aviação;01.06.2022;10
Tupi;01.06.2022;6
Ocian;01.06.2022;4
Mirim;01.06.2022;1
Maracanã;01.06.2022;1
Caiçara;01.06.2022;3
Real ;01.06.2022;0
Flórida;01.06.2022;2
Solemar;01.06.2022;0
Cidade da Criança;01.06.2022;1
Princesa;01.06.2022;0
Imperador;01.06.2022;3
Melvi;01.06.2022;1
Samambaia;01.06.2022;3
Esmeralda;01.06.2022;1
Ribeirópolis;01.06.2022;5
Andaraguá;01.06.2022;0
Nova Mirim;01.06.2022;9
Anhanguera;01.06.2022;3
Quietude;01.06.2022;1
Santa Marina;01.06.2022;0
Tupiry;01.06.2022;2
Antártica;01.06.2022;5
Vila Sônia;01.06.2022;4
Glória;01.06.2022;3
Sítio do Campo;01.06.2022;16
Xixová;01.06.2022;0
Serra do Mar;01.06.2022;0
Não Informado;01.06.2022;0
Militar;01.07.2022;0
Canto do Forte;01.07.2022;4
Boqueirão;01.07.2022;6
Guilhermina;01.07.2022;6
Aviação;01.07.2022;6
Tupi;01.07.2022;9
Ocian;01.07.2022;5
Mirim;01.07.2022;3
Maracanã;01.07.2022;4
Caiçara;01.07.2022;4
Real ;01.07.2022;3
Flórida;01.07.2022;3
Solemar;01.07.2022;0
Cidade da Criança;01.07.2022;1
Princesa;01.07.2022;0
Imperador;01.07.2022;2
Melvi;01.07.2022;1
Samambaia;01.07.2022;0
Esmeralda;01.07.2022;1
Ribeirópolis;01.07.2022;5
Andaraguá;01.07.2022;0
Nova Mirim;01.07.2022;7
Anhanguera;01.07.2022;1
Quietude;01.07.2022;2
Santa Marina;01.07.2022;0
Tupiry;01.07.2022;1
Antártica;01.07.2022;4
Vila Sônia;01.07.2022;3
Glória;01.07.2022;2
Sítio do Campo;01.07.2022;13
Xixová;01.07.2022;0
Serra do Mar;01.07.2022;0
Não Informado;01.07.2022;2
Militar;01.08.2022;0
Canto do Forte;01.08.2022;5
Boqueirão;01.08.2022;6
Guilhermina;01.08.2022;12
Aviação;01.08.2022;3
Tupi;01.08.2022;7
Ocian;01.08.2022;7
Mirim;01.08.2022;5
Maracanã;01.08.2022;4
Caiçara;01.08.2022;5
Real ;01.08.2022;1
Flórida;01.08.2022;2
Solemar;01.08.2022;0
Cidade da Criança;01.08.2022;3
Princesa;01.08.2022;1
Imperador;01.08.2022;1
Melvi;01.08.2022;5
Samambaia;01.08.2022;1
Esmeralda;01.08.2022;5
Ribeirópolis;01.08.2022;4
Andaraguá;01.08.2022;0
Nova Mirim;01.08.2022;3
Anhanguera;01.08.2022;1
Quietude;01.08.2022;1
Santa Marina;01.08.2022;0
Tupiry;01.08.2022;0
Antártica;01.08.2022;4
Vila Sônia;01.08.2022;2
Glória;01.08.2022;7
Sítio do Campo;01.08.2022;15
Xixová;01.08.2022;0
Serra do Mar;01.08.2022;0
Não Informado;01.08.2022;1
Militar;01.09.2022;0
Canto do Forte;01.09.2022;1
Boqueirão;01.09.2022;5
Guilhermina;01.09.2022;14
Aviação;01.09.2022;5
Tupi;01.09.2022;6
Ocian;01.09.2022;5
Mirim;01.09.2022;2
Maracanã;01.09.2022;3
Caiçara;01.09.2022;4
Real ;01.09.2022;0
Flórida;01.09.2022;0
Solemar;01.09.2022;1
Cidade da Criança;01.09.2022;3
Princesa;01.09.2022;1
Imperador;01.09.2022;0
Melvi;01.09.2022;1
Samambaia;01.09.2022;4
Esmeralda;01.09.2022;3
Ribeirópolis;01.09.2022;5
Andaraguá;01.09.2022;0
Nova Mirim;01.09.2022;8
Anhanguera;01.09.2022;1
Quietude;01.09.2022;2
Santa Marina;01.09.2022;0
Tupiry;01.09.2022;1
Antártica;01.09.2022;4
Vila Sônia;01.09.2022;3
Glória;01.09.2022;6
Sítio do Campo;01.09.2022;18
Xixová;01.09.2022;0
Serra do Mar;01.09.2022;0
Não Informado;01.09.2022;2
Militar;01.10.2022;0
Canto do Forte;01.10.2022;7
Boqueirão;01.10.2022;6
Guilhermina;01.10.2022;13
Aviação;01.10.2022;6
Tupi;01.10.2022;8
Ocian;01.10.2022;2
Mirim;01.10.2022;5
Maracanã;01.10.2022;0
Caiçara;01.10.2022;6
Real ;01.10.2022;1
Flórida;01.10.2022;0
Solemar;01.10.2022;0
Cidade da Criança;01.10.2022;5
Princesa;01.10.2022;2
Imperador;01.10.2022;1
Melvi;01.10.2022;1
Samambaia;01.10.2022;2
Esmeralda;01.10.2022;6
Ribeirópolis;01.10.2022;6
Andaraguá;01.10.2022;0
Nova Mirim;01.10.2022;7
Anhanguera;01.10.2022;3
Quietude;01.10.2022;3
Santa Marina;01.10.2022;0
Tupiry;01.10.2022;2
Antártica;01.10.2022;4
Vila Sônia;01.10.2022;5
Glória;01.10.2022;4
Sítio do Campo;01.10.2022;11
Xixová;01.10.2022;0
Serra do Mar;01.10.2022;0
Não Informado;01.10.2022;5
Militar;01.11.2022;0
Canto do Forte;01.11.2022;4
Boqueirão;01.11.2022;7
Guilhermina;01.11.2022;6
Aviação;01.11.2022;6
Tupi;01.11.2022;5
Ocian;01.11.2022;10
Mirim;01.11.2022;0
Maracanã;01.11.2022;0
Caiçara;01.11.2022;8
Real ;01.11.2022;2
Flórida;01.11.2022;1
Solemar;01.11.2022;3
Cidade da Criança;01.11.2022;1
Princesa;01.11.2022;1
Imperador;01.11.2022;2
Melvi;01.11.2022;0
Samambaia;01.11.2022;3
Esmeralda;01.11.2022;0
Ribeirópolis;01.11.2022;6
Andaraguá;01.11.2022;0
Nova Mirim;01.11.2022;11
Anhanguera;01.11.2022;0
Quietude;01.11.2022;0
Santa Marina;01.11.2022;0
Tupiry;01.11.2022;1
Antártica;01.11.2022;8
Vila Sônia;01.11.2022;2
Glória;01.11.2022;7
Sítio do Campo;01.11.2022;13
Xixová;01.11.2022;0
Serra do Mar;01.11.2022;0
Não Informado;01.11.2022;2
Militar;01.12.2022;0
Canto do Forte;01.12.2022;4
Boqueirão;01.12.2022;7
Guilhermina;01.12.2022;12
Aviação;01.12.2022;11
Tupi;01.12.2022;9
Ocian;01.12.2022;7
Mirim;01.12.2022;4
Maracanã;01.12.2022;3
Caiçara;01.12.2022;13
Real ;01.12.2022;3
Flórida;01.12.2022;2
Solemar;01.12.2022;0
Cidade da Criança;01.12.2022;3
Princesa;01.12.2022;1
Imperador;01.12.2022;3
Melvi;01.12.2022;1
Samambaia;01.12.2022;5
Esmeralda;01.12.2022;5
Ribeirópolis;01.12.2022;8
Andaraguá;01.12.2022;1
Nova Mirim;01.12.2022;4
Anhanguera;01.12.2022;2
Quietude;01.12.2022;1
Santa Marina;01.12.2022;0
Tupiry;01.12.2022;1
Antártica;01.12.2022;6
Vila Sônia;01.12.2022;3
Glória;01.12.2022;3
Sítio do Campo;01.12.2022;22
Xixová;01.12.2022;0
Serra do Mar;01.12.2022;0
Não Informado;01.12.2022;4
Militar;01.01.2023;0
Canto do Forte;01.01.2023;4
Boqueirão;01.01.2023;13
Guilhermina;01.01.2023;7
Aviação;01.01.2023;9
Tupi;01.01.2023;3
Ocian;01.01.2023;4
Mirim;01.01.2023;9
Maracanã;01.01.2023;4
Caiçara;01.01.2023;10
Real ;01.01.2023;4
Flórida;01.01.2023;0
Solemar;01.01.2023;0
Cidade da Criança;01.01.2023;2
Princesa;01.01.2023;1
Imperador;01.01.2023;3
Melvi;01.01.2023;0
Samambaia;01.01.2023;3
Esmeralda;01.01.2023;5
Ribeirópolis;01.01.2023;3
Andaraguá;01.01.2023;1
Nova Mirim;01.01.2023;9
Anhanguera;01.01.2023;1
Quietude;01.01.2023;0
Santa Marina;01.01.2023;1
Tupiry;01.01.2023;3
Antártica;01.01.2023;2
Vila Sônia;01.01.2023;1
Glória;01.01.2023;3
Sítio do Campo;01.01.2023;19
Xixová;01.01.2023;0
Serra do Mar;01.01.2023;0
Não Informado;01.01.2023;2
Militar;01.02.2023;0
Canto do Forte;01.02.2023;2
Boqueirão;01.02.2023;5
Guilhermina;01.02.2023;9
Aviação;01.02.2023;2
Tupi;01.02.2023;5
Ocian;01.02.2023;6
Mirim;01.02.2023;10
Maracanã;01.02.2023;3
Caiçara;01.02.2023;4
Real ;01.02.2023;0
Flórida;01.02.2023;1
Solemar;01.02.2023;0
Cidade da Criança;01.02.2023;4
Princesa;01.02.2023;2
Imperador;01.02.2023;2
Melvi;01.02.2023;3
Samambaia;01.02.2023;1
Esmeralda;01.02.2023;0
Ribeirópolis;01.02.2023;1
Andaraguá;01.02.2023;0
Nova Mirim;01.02.2023;5
Anhanguera;01.02.2023;3
Quietude;01.02.2023;0
Santa Marina;01.02.2023;1
Tupiry;01.02.2023;1
Antártica;01.02.2023;2
Vila Sônia;01.02.2023;4
Glória;01.02.2023;2
Sítio do Campo;01.02.2023;15
Xixová;01.02.2023;0
Serra do Mar;01.02.2023;0
Não Informado;01.02.2023;1
Militar;01.03.2023;0
Canto do Forte;01.03.2023;6
Boqueirão;01.03.2023;5
Guilhermina;01.03.2023;9
Aviação;01.03.2023;1
Tupi;01.03.2023;4
Ocian;01.03.2023;2
Mirim;01.03.2023;10
Maracanã;01.03.2023;1
Caiçara;01.03.2023;8
Real ;01.03.2023;1
Flórida;01.03.2023;0
Solemar;01.03.2023;0
Cidade da Criança;01.03.2023;1
Princesa;01.03.2023;1
Imperador;01.03.2023;1
Melvi;01.03.2023;3
Samambaia;01.03.2023;5
Esmeralda;01.03.2023;3
Ribeirópolis;01.03.2023;2
Andaraguá;01.03.2023;1
Nova Mirim;01.03.2023;3
Anhanguera;01.03.2023;3
Quietude;01.03.2023;4
Santa Marina;01.03.2023;0
Tupiry;01.03.2023;2
Antártica;01.03.2023;2
Vila Sônia;01.03.2023;1
Glória;01.03.2023;1
Sítio do Campo;01.03.2023;17
Xixová;01.03.2023;0
Serra do Mar;01.03.2023;0
Não Informado;01.03.2023;23
Militar;01.04.2023;0
Canto do Forte;01.04.2023;4
Boqueirão;01.04.2023;8
Guilhermina;01.04.2023;10
Aviação;01.04.2023;5
Tupi;01.04.2023;9
Ocian;01.04.2023;3
Mirim;01.04.2023;7
Maracanã;01.04.2023;1
Caiçara;01.04.2023;2
Real ;01.04.2023;1
Flórida;01.04.2023;2
Solemar;01.04.2023;2
Cidade da Criança;01.04.2023;4
Princesa;01.04.2023;1
Imperador;01.04.2023;2
Melvi;01.04.2023;1
Samambaia;01.04.2023;3
Esmeralda;01.04.2023;2
Ribeirópolis;01.04.2023;3
Andaraguá;01.04.2023;0
Nova Mirim;01.04.2023;7
Anhanguera;01.04.2023;0
Quietude;01.04.2023;1
Santa Marina;01.04.2023;1
Tupiry;01.04.2023;2
Antártica;01.04.2023;4
Vila Sônia;01.04.2023;2
Glória;01.04.2023;7
Sítio do Campo;01.04.2023;13
Xixová;01.04.2023;0
Serra do Mar;01.04.2023;0
Não Informado;01.04.2023;3
Militar;01.05.2023;0
Canto do Forte;01.05.2023;5
Boqueirão;01.05.2023;7
Guilhermina;01.05.2023;5
Aviação;01.05.2023;8
Tupi;01.05.2023;6
Ocian;01.05.2023;4
Mirim;01.05.2023;2
Maracanã;01.05.2023;4
Caiçara;01.05.2023;3
Real ;01.05.2023;3
Flórida;01.05.2023;0
Solemar;01.05.2023;0
Cidade da Criança;01.05.2023;2
Princesa;01.05.2023;3
Imperador;01.05.2023;2
Melvi;01.05.2023;1
Samambaia;01.05.2023;6
Esmeralda;01.05.2023;1
Ribeirópolis;01.05.2023;5
Andaraguá;01.05.2023;3
Nova Mirim;01.05.2023;13
Anhanguera;01.05.2023;5
Quietude;01.05.2023;2
Santa Marina;01.05.2023;2
Tupiry;01.05.2023;2
Antártica;01.05.2023;6
Vila Sônia;01.05.2023;2
Glória;01.05.2023;4
Sítio do Campo;01.05.2023;13
Xixová;01.05.2023;0
Serra do Mar;01.05.2023;0
Não Informado;01.05.2023;5
Militar;01.06.2023;0
Canto do Forte;01.06.2023;10
Boqueirão;01.06.2023;13
Guilhermina;01.06.2023;3
Aviação;01.06.2023;3
Tupi;01.06.2023;7
Ocian;01.06.2023;9
Mirim;01.06.2023;7
Maracanã;01.06.2023;4
Caiçara;01.06.2023;4
Real ;01.06.2023;4
Flórida;01.06.2023;0
Solemar;01.06.2023;0
Cidade da Criança;01.06.2023;2
Princesa;01.06.2023;3
Imperador;01.06.2023;1
Melvi;01.06.2023;1
Samambaia;01.06.2023;2
Esmeralda;01.06.2023;2
Ribeirópolis;01.06.2023;11
Andaraguá;01.06.2023;1
Nova Mirim;01.06.2023;6
Anhanguera;01.06.2023;1
Quietude;01.06.2023;2
Santa Marina;01.06.2023;1
Tupiry;01.06.2023;3
Antártica;01.06.2023;3
Vila Sônia;01.06.2023;6
Glória;01.06.2023;3
Sítio do Campo;01.06.2023;12
Xixová;01.06.2023;3
Serra do Mar;01.06.2023;0
Não Informado;01.06.2023;5
Militar;01.07.2023;0
Canto do Forte;01.07.2023;5
Boqueirão;01.07.2023;6
Guilhermina;01.07.2023;8
Aviação;01.07.2023;4
Tupi;01.07.2023;6
Ocian;01.07.2023;6
Mirim;01.07.2023;6
Maracanã;01.07.2023;2
Caiçara;01.07.2023;3
Real ;01.07.2023;2
Flórida;01.07.2023;1
Solemar;01.07.2023;0
Cidade da Criança;01.07.2023;2
Princesa;01.07.2023;2
Imperador;01.07.2023;1
Melvi;01.07.2023;0
Samambaia;01.07.2023;3
Esmeralda;01.07.2023;3
Ribeirópolis;01.07.2023;4
Andaraguá;01.07.2023;0
Nova Mirim;01.07.2023;13
Anhanguera;01.07.2023;1
Quietude;01.07.2023;2
Santa Marina;01.07.2023;2
Tupiry;01.07.2023;3
Antártica;01.07.2023;7
Vila Sônia;01.07.2023;1
Glória;01.07.2023;4
Sítio do Campo;01.07.2023;14
Xixová;01.07.2023;1
Serra do Mar;01.07.2023;0
Não Informado;01.07.2023;1
Militar;01.08.2023;0
Canto do Forte;01.08.2023;3
Boqueirão;01.08.2023;12
Guilhermina;01.08.2023;4
Aviação;01.08.2023;7
Tupi;01.08.2023;9
Ocian;01.08.2023;8
Mirim;01.08.2023;3
Maracanã;01.08.2023;2
Caiçara;01.08.2023;1
Real ;01.08.2023;0
Flórida;01.08.2023;0
Solemar;01.08.2023;0
Cidade da Criança;01.08.2023;1
Princesa;01.08.2023;2
Imperador;01.08.2023;0
Melvi;01.08.2023;2
Samambaia;01.08.2023;2
Esmeralda;01.08.2023;7
Ribeirópolis;01.08.2023;6
Andaraguá;01.08.2023;1
Nova Mirim;01.08.2023;7
Anhanguera;01.08.2023;3
Quietude;01.08.2023;3
Santa Marina;01.08.2023;0
Tupiry;01.08.2023;2
Antártica;01.08.2023;5
Vila Sônia;01.08.2023;0
Glória;01.08.2023;3
Sítio do Campo;01.08.2023;16
Xixová;01.08.2023;1
Serra do Mar;01.08.2023;0
Não Informado;01.08.2023;5
Militar;01.09.2023;0
Canto do Forte;01.09.2023;2
Boqueirão;01.09.2023;7
Guilhermina;01.09.2023;4
Aviação;01.09.2023;6
Tupi;01.09.2023;6
Ocian;01.09.2023;2
Mirim;01.09.2023;4
Maracanã;01.09.2023;2
Caiçara;01.09.2023;5
Real ;01.09.2023;1
Flórida;01.09.2023;0
Solemar;01.09.2023;0
Cidade da Criança;01.09.2023;0
Princesa;01.09.2023;1
Imperador;01.09.2023;1
Melvi;01.09.2023;2
Samambaia;01.09.2023;2
Esmeralda;01.09.2023;4
Ribeirópolis;01.09.2023;8
Andaraguá;01.09.2023;2
Nova Mirim;01.09.2023;7
Anhanguera;01.09.2023;3
Quietude;01.09.2023;1
Santa Marina;01.09.2023;0
Tupiry;01.09.2023;0
Antártica;01.09.2023;6
Vila Sônia;01.09.2023;1
Glória;01.09.2023;5
Sítio do Campo;01.09.2023;10
Xixová;01.09.2023;1
Serra do Mar;01.09.2023;0
Não Informado;01.09.2023;15
Militar;01.10.2023;0
Canto do Forte;01.10.2023;2
Boqueirão;01.10.2023;5
Guilhermina;01.10.2023;9
Aviação;01.10.2023;6
Tupi;01.10.2023;10
Ocian;01.10.2023;7
Mirim;01.10.2023;3
Maracanã;01.10.2023;2
Caiçara;01.10.2023;7
Real ;01.10.2023;1
Flórida;01.10.2023;1
Solemar;01.10.2023;0
Cidade da Criança;01.10.2023;0
Princesa;01.10.2023;5
Imperador;01.10.2023;0
Melvi;01.10.2023;1
Samambaia;01.10.2023;1
Esmeralda;01.10.2023;1
Ribeirópolis;01.10.2023;7
Andaraguá;01.10.2023;3
Nova Mirim;01.10.2023;9
Anhanguera;01.10.2023;6
Quietude;01.10.2023;0
Santa Marina;01.10.2023;0
Tupiry;01.10.2023;0
Antártica;01.10.2023;6
Vila Sônia;01.10.2023;2
Glória;01.10.2023;5
Sítio do Campo;01.10.2023;9
Xixová;01.10.2023;0
Serra do Mar;01.10.2023;0
Não Informado;01.10.2023;0
Militar;01.11.2023;0
Canto do Forte;01.11.2023;4
Boqueirão;01.11.2023;8
Guilhermina;01.11.2023;9
Aviação;01.11.2023;11
Tupi;01.11.2023;10
Ocian;01.11.2023;8
Mirim;01.11.2023;4
Maracanã;01.11.2023;5
Caiçara;01.11.2023;10
Real ;01.11.2023;2
Flórida;01.11.2023;0
Solemar;01.11.2023;0
Cidade da Criança;01.11.2023;0
Princesa;01.11.2023;4
Imperador;01.11.2023;0
Melvi;01.11.2023;3
Samambaia;01.11.2023;4
Esmeralda;01.11.2023;3
Ribeirópolis;01.11.2023;5
Andaraguá;01.11.2023;3
Nova Mirim;01.11.2023;7
Anhanguera;01.11.2023;2
Quietude;01.11.2023;0
Santa Marina;01.11.2023;0
Tupiry;01.11.2023;1
Antártica;01.11.2023;3
Vila Sônia;01.11.2023;3
Glória;01.11.2023;1
Sítio do Campo;01.11.2023;7
Xixová;01.11.2023;0
Serra do Mar;01.11.2023;0
Não Informado;01.11.2023;1
Militar;01.12.2023;0
Canto do Forte;01.12.2023;2
Boqueirão;01.12.2023;5
Guilhermina;01.12.2023;11
Aviação;01.12.2023;10
Tupi;01.12.2023;13
Ocian;01.12.2023;2
Mirim;01.12.2023;7
Maracanã;01.12.2023;5
Caiçara;01.12.2023;4
Real ;01.12.2023;3
Flórida;01.12.2023;1
Solemar;01.12.2023;0
Cidade da Criança;01.12.2023;1
Princesa;01.12.2023;1
Imperador;01.12.2023;1
Melvi;01.12.2023;3
Samambaia;01.12.2023;6
Esmeralda;01.12.2023;4
Ribeirópolis;01.12.2023;13
Andaraguá;01.12.2023;3
Nova Mirim;01.12.2023;4
Anhanguera;01.12.2023;2
Quietude;01.12.2023;0
Santa Marina;01.12.2023;0
Tupiry;01.12.2023;1
Antártica;01.12.2023;4
Vila Sônia;01.12.2023;5
Glória;01.12.2023;6
Sítio do Campo;01.12.2023;11
Xixová;01.12.2023;1
Serra do Mar;01.12.2023;0
Não Informado;01.12.2023;1
Militar;01.01.2024;0
Canto do Forte;01.01.2024;6
Boqueirão;01.01.2024;10
Guilhermina;01.01.2024;11
Aviação;01.01.2024;6
Tupi;01.01.2024;5
Ocian;01.01.2024;4
Mirim;01.01.2024;7
Maracanã;01.01.2024;4
Caiçara;01.01.2024;8
Real ;01.01.2024;2
Flórida;01.01.2024;0
Solemar;01.01.2024;1
Cidade da Criança;01.01.2024;1
Princesa;01.01.2024;6
Imperador;01.01.2024;2
Melvi;01.01.2024;0
Samambaia;01.01.2024;5
Esmeralda;01.01.2024;0
Ribeirópolis;01.01.2024;5
Andaraguá;01.01.2024;5
Nova Mirim;01.01.2024;11
Anhanguera;01.01.2024;2
Quietude;01.01.2024;3
Santa Marina;01.01.2024;0
Tupiry;01.01.2024;0
Antártica;01.01.2024;5
Vila Sônia;01.01.2024;2
Glória;01.01.2024;3
Sítio do Campo;01.01.2024;11
Xixová;01.01.2024;5
Serra do Mar;01.01.2024;0
Não Informado;01.01.2024;0
Militar;01.02.2024;0
Canto do Forte;01.02.2024;10
Boqueirão;01.02.2024;6
Guilhermina;01.02.2024;10
Aviação;01.02.2024;7
Tupi;01.02.2024;5
Ocian;01.02.2024;3
Mirim;01.02.2024;5
Maracanã;01.02.2024;5
Caiçara;01.02.2024;5
Real ;01.02.2024;1
Flórida;01.02.2024;0
Solemar;01.02.2024;6
Cidade da Criança;01.02.2024;1
Princesa;01.02.2024;2
Imperador;01.02.2024;1
Melvi;01.02.2024;2
Samambaia;01.02.2024;3
Esmeralda;01.02.2024;4
Ribeirópolis;01.02.2024;11
Andaraguá;01.02.2024;2
Nova Mirim;01.02.2024;12
Anhanguera;01.02.2024;6
Quietude;01.02.2024;1
Santa Marina;01.02.2024;0
Tupiry;01.02.2024;0
Antártica;01.02.2024;2
Vila Sônia;01.02.2024;2
Glória;01.02.2024;2
Sítio do Campo;01.02.2024;9
Xixová;01.02.2024;6
Serra do Mar;01.02.2024;0
Não Informado;01.02.2024;0
Militar;01.03.2024;0
Canto do Forte;01.03.2024;3
Boqueirão;01.03.2024;11
Guilhermina;01.03.2024;12
Aviação;01.03.2024;1
Tupi;01.03.2024;2
Ocian;01.03.2024;1
Mirim;01.03.2024;3
Maracanã;01.03.2024;11
Caiçara;01.03.2024;6
Real ;01.03.2024;4
Flórida;01.03.2024;0
Solemar;01.03.2024;3
Cidade da Criança;01.03.2024;3
Princesa;01.03.2024;0
Imperador;01.03.2024;0
Melvi;01.03.2024;0
Samambaia;01.03.2024;2
Esmeralda;01.03.2024;1
Ribeirópolis;01.03.2024;2
Andaraguá;01.03.2024;2
Nova Mirim;01.03.2024;15
Anhanguera;01.03.2024;3
Quietude;01.03.2024;1
Santa Marina;01.03.2024;0
Tupiry;01.03.2024;0
Antártica;01.03.2024;4
Vila Sônia;01.03.2024;3
Glória;01.03.2024;2
Sítio do Campo;01.03.2024;11
Xixová;01.03.2024;0
Serra do Mar;01.03.2024;0
Não Informado;01.03.2024;2
Militar;01.04.2024;0
Canto do Forte;01.04.2024;3
Boqueirão;01.04.2024;8
Guilhermina;01.04.2024;10
Aviação;01.04.2024;4
Tupi;01.04.2024;4
Ocian;01.04.2024;5
Mirim;01.04.2024;2
Maracanã;01.04.2024;4
Caiçara;01.04.2024;7
Real ;01.04.2024;2
Flórida;01.04.2024;0
Solemar;01.04.2024;0
Cidade da Criança;01.04.2024;0
Princesa;01.04.2024;1
Imperador;01.04.2024;1
Melvi;01.04.2024;1
Samambaia;01.04.2024;0
Esmeralda;01.04.2024;3
Ribeirópolis;01.04.2024;3
Andaraguá;01.04.2024;4
Nova Mirim;01.04.2024;13
Anhanguera;01.04.2024;3
Quietude;01.04.2024;2
Santa Marina;01.04.2024;0
Tupiry;01.04.2024;4
Antártica;01.04.2024;7
Vila Sônia;01.04.2024;1
Glória;01.04.2024;0
Sítio do Campo;01.04.2024;12
Xixová;01.04.2024;2
Serra do Mar;01.04.2024;0
Não Informado;01.04.2024;0
Militar;01.05.2024;0
Canto do Forte;01.05.2024;4
Boqueirão;01.05.2024;12
Guilhermina;01.05.2024;8
Aviação;01.05.2024;3
Tupi;01.05.2024;7
Ocian;01.05.2024;3
Mirim;01.05.2024;4
Maracanã;01.05.2024;7
Caiçara;01.05.2024;7
Real ;01.05.2024;3
Flórida;01.05.2024;0
Solemar;01.05.2024;0
Cidade da Criança;01.05.2024;2
Princesa;01.05.2024;0
Imperador;01.05.2024;0
Melvi;01.05.2024;1
Samambaia;01.05.2024;10
Esmeralda;01.05.2024;2
Ribeirópolis;01.05.2024;6
Andaraguá;01.05.2024;1
Nova Mirim;01.05.2024;14
Anhanguera;01.05.2024;2
Quietude;01.05.2024;0
Santa Marina;01.05.2024;0
Tupiry;01.05.2024;2
Antártica;01.05.2024;3
Vila Sônia;01.05.2024;6
Glória;01.05.2024;2
Sítio do Campo;01.05.2024;9
Xixová;01.05.2024;5
Serra do Mar;01.05.2024;0
Não Informado;01.05.2024;3
Militar;01.06.2024;0
Canto do Forte;01.06.2024;4
Boqueirão;01.06.2024;6
Guilhermina;01.06.2024;12
Aviação;01.06.2024;6
Tupi;01.06.2024;7
Ocian;01.06.2024;6
Mirim;01.06.2024;1
Maracanã;01.06.2024;4
Caiçara;01.06.2024;3
Real ;01.06.2024;5
Flórida;01.06.2024;0
Solemar;01.06.2024;0
Cidade da Criança;01.06.2024;0
Princesa;01.06.2024;4
Imperador;01.06.2024;0
Melvi;01.06.2024;3
Samambaia;01.06.2024;2
Esmeralda;01.06.2024;5
Ribeirópolis;01.06.2024;2
Andaraguá;01.06.2024;1
Nova Mirim;01.06.2024;11
Anhanguera;01.06.2024;1
Quietude;01.06.2024;1
Santa Marina;01.06.2024;0
Tupiry;01.06.2024;8
Antártica;01.06.2024;4
Vila Sônia;01.06.2024;0
Glória;01.06.2024;3
Sítio do Campo;01.06.2024;10
Xixová;01.06.2024;4
Serra do Mar;01.06.2024;0
Não Informado;01.06.2024;9
Militar;01.07.2024;0
Canto do Forte;01.07.2024;3
Boqueirão;01.07.2024;5
Guilhermina;01.07.2024;6
Aviação;01.07.2024;3
Tupi;01.07.2024;5
Ocian;01.07.2024;3
Mirim;01.07.2024;4
Maracanã;01.07.2024;1
Caiçara;01.07.2024;3
Real ;01.07.2024;2
Flórida;01.07.2024;0
Solemar;01.07.2024;0
Cidade da Criança;01.07.2024;0
Princesa;01.07.2024;0
Imperador;01.07.2024;0
Melvi;01.07.2024;1
Samambaia;01.07.2024;3
Esmeralda;01.07.2024;0
Ribeirópolis;01.07.2024;3
Andaraguá;01.07.2024;1
Nova Mirim;01.07.2024;12
Anhanguera;01.07.2024;5
Quietude;01.07.2024;2
Santa Marina;01.07.2024;0
Tupiry;01.07.2024;2
Antártica;01.07.2024;9
Vila Sônia;01.07.2024;1
Glória;01.07.2024;2
Sítio do Campo;01.07.2024;7
Xixová;01.07.2024;2
Serra do Mar;01.07.2024;0
Não Informado;01.07.2024;1
Militar;01.08.2024;0
Canto do Forte;01.08.2024;6
Boqueirão;01.08.2024;5
Guilhermina;01.08.2024;12
Aviação;01.08.2024;4
Tupi;01.08.2024;6
Ocian;01.08.2024;3
Mirim;01.08.2024;4
Maracanã;01.08.2024;1
Caiçara;01.08.2024;7
Real ;01.08.2024;0
Flórida;01.08.2024;0
Solemar;01.08.2024;1
Cidade da Criança;01.08.2024;0
Princesa;01.08.2024;2
Imperador;01.08.2024;1
Melvi;01.08.2024;2
Samambaia;01.08.2024;3
Esmeralda;01.08.2024;3
Ribeirópolis;01.08.2024;5
Andaraguá;01.08.2024;1
Nova Mirim;01.08.2024;9
Anhanguera;01.08.2024;6
Quietude;01.08.2024;6
Santa Marina;01.08.2024;0
Tupiry;01.08.2024;1
Antártica;01.08.2024;5
Vila Sônia;01.08.2024;2
Glória;01.08.2024;6
Sítio do Campo;01.08.2024;7
Xixová;01.08.2024;1
Serra do Mar;01.08.2024;0
Não Informado;01.08.2024;5
Militar;01.09.2024;0
Canto do Forte;01.09.2024;5
Boqueirão;01.09.2024;10
Guilhermina;01.09.2024;11
Aviação;01.09.2024;1
Tupi;01.09.2024;4
Ocian;01.09.2024;3
Mirim;01.09.2024;5
Maracanã;01.09.2024;4
Caiçara;01.09.2024;5
Real ;01.09.2024;0
Flórida;01.09.2024;0
Solemar;01.09.2024;0
Cidade da Criança;01.09.2024;0
Princesa;01.09.2024;2
Imperador;01.09.2024;0
Melvi;01.09.2024;3
Samambaia;01.09.2024;2
Esmeralda;01.09.2024;3
Ribeirópolis;01.09.2024;2
Andaraguá;01.09.2024;3
Nova Mirim;01.09.2024;5
Anhanguera;01.09.2024;3
Quietude;01.09.2024;2
Santa Marina;01.09.2024;0
Tupiry;01.09.2024;7
Antártica;01.09.2024;7
Vila Sônia;01.09.2024;2
Glória;01.09.2024;2
Sítio do Campo;01.09.2024;12
Xixová;01.09.2024;4
Serra do Mar;01.09.2024;0
Não Informado;01.09.2024;1
Militar;01.10.2024;0
Canto do Forte;01.10.2024;4
Boqueirão;01.10.2024;7
Guilhermina;01.10.2024;5
Aviação;01.10.2024;6
Tupi;01.10.2024;7
Ocian;01.10.2024;6
Mirim;01.10.2024;8
Maracanã;01.10.2024;1
Caiçara;01.10.2024;5
Real ;01.10.2024;2
Flórida;01.10.2024;0
Solemar;01.10.2024;2
Cidade da Criança;01.10.2024;0
Princesa;01.10.2024;1
Imperador;01.10.2024;0
Melvi;01.10.2024;4
Samambaia;01.10.2024;6
Esmeralda;01.10.2024;1
Ribeirópolis;01.10.2024;8
Andaraguá;01.10.2024;1
Nova Mirim;01.10.2024;14
Anhanguera;01.10.2024;7
Quietude;01.10.2024;1
Santa Marina;01.10.2024;0
Tupiry;01.10.2024;7
Antártica;01.10.2024;8
Vila Sônia;01.10.2024;3
Glória;01.10.2024;1
Sítio do Campo;01.10.2024;7
Xixová;01.10.2024;1
Serra do Mar;01.10.2024;0
Não Informado;01.10.2024;6
Militar;01.11.2024;0
Canto do Forte;01.11.2024;6
Boqueirão;01.11.2024;7
Guilhermina;01.11.2024;6
Aviação;01.11.2024;8
Tupi;01.11.2024;10
Ocian;01.11.2024;7
Mirim;01.11.2024;8
Maracanã;01.11.2024;3
Caiçara;01.11.2024;5
Real ;01.11.2024;6
Flórida;01.11.2024;2
Solemar;01.11.2024;0
Cidade da Criança;01.11.2024;1
Princesa;01.11.2024;3
Imperador;01.11.2024;1
Melvi;01.11.2024;4
Samambaia;01.11.2024;4
Esmeralda;01.11.2024;4
Ribeirópolis;01.11.2024;7
Andaraguá;01.11.2024;0
Nova Mirim;01.11.2024;3
Anhanguera;01.11.2024;0
Quietude;01.11.2024;3
Santa Marina;01.11.2024;0
Tupiry;01.11.2024;1
Antártica;01.11.2024;3
Vila Sônia;01.11.2024;2
Glória;01.11.2024;0
Sítio do Campo;01.11.2024;14
Xixová;01.11.2024;0
Serra do Mar;01.11.2024;0
Não Informado;01.11.2024;6
Militar;01.12.2024;0
Canto do Forte;01.12.2024;3
Boqueirão;01.12.2024;16
Guilhermina;01.12.2024;11
Aviação;01.12.2024;9
Tupi;01.12.2024;10
Ocian;01.12.2024;3
Mirim;01.12.2024;16
Maracanã;01.12.2024;1
Caiçara;01.12.2024;4
Real ;01.12.2024;1
Flórida;01.12.2024;2
Solemar;01.12.2024;1
Cidade da Criança;01.12.2024;0
Princesa;01.12.2024;1
Imperador;01.12.2024;0
Melvi;01.12.2024;3
Samambaia;01.12.2024;6
Esmeralda;01.12.2024;2
Ribeirópolis;01.12.2024;10
Andaraguá;01.12.2024;0
Nova Mirim;01.12.2024;3
Anhanguera;01.12.2024;1
Quietude;01.12.2024;5
Santa Marina;01.12.2024;0
Tupiry;01.12.2024;0
Antártica;01.12.2024;6
Vila Sônia;01.12.2024;3
Glória;01.12.2024;0
Sítio do Campo;01.12.2024;15
Xixová;01.12.2024;0
Serra do Mar;01.12.2024;0
Não Informado;01.12.2024;5
